epoch,train_loss,train_ce,train_mse,train_distill,train_consol,val_loss,val_ce,val_mse,val_distill,val_tot_acc,val_acc,val_f1,val_pre
0,3.444812,3.255962,0.138984,0.174816,0.013534,3.451151,3.259875,0.180076,0.173268,"tensor(0.0424, device='cuda:0')","tensor([0.0000, 0.0000, 0.0000, 0.0000, 0.0000, 0.0000, 0.0000, 0.3636, 0.0000,
        0.0000, 0.0000, 0.0000, 0.0000, 0.0000, 0.0000, 0.0000, 0.0000, 0.0000,
        0.0000, 0.0000, 0.0000, 0.7059, 0.0000, 0.0000, 0.0000, 0.0000],
       device='cuda:0')","tensor(0.0073, device='cuda:0')","tensor(0.0041, device='cuda:0')"
1,3.436799,3.249957,0.131864,0.173614,0.004200,3.448909,3.259207,0.167779,0.172923,"tensor(0.0400, device='cuda:0')","tensor([0.0000, 0.0000, 0.0000, 0.0000, 0.0000, 0.0000, 0.0000, 0.0000, 0.0000,
        0.0000, 0.0000, 0.0000, 0.0000, 0.0000, 0.0000, 0.0000, 0.0000, 0.0000,
        0.5625, 0.0000, 0.0000, 0.0000, 0.5333, 0.0000, 0.0000, 0.0000],
       device='cuda:0')","tensor(0.0066, device='cuda:0')","tensor(0.0036, device='cuda:0')"
2,3.414226,3.231178,0.129829,0.170008,0.005776,3.445562,3.259678,0.175109,0.168373,"tensor(0.0412, device='cuda:0')","tensor([0.0000, 0.0000, 0.0000, 0.0000, 0.0000, 0.0000, 0.0000, 0.0000, 0.0000,
        0.0000, 0.0000, 0.0000, 0.0000, 0.0000, 0.0000, 0.0000, 0.0000, 0.0000,
        1.0000, 0.0000, 0.0000, 0.0000, 0.1000, 0.0000, 0.0000, 0.0000],
       device='cuda:0')","tensor(0.0049, device='cuda:0')","tensor(0.0028, device='cuda:0')"
3,3.383825,3.205797,0.143099,0.163593,0.012539,3.446357,3.265142,0.193618,0.161853,"tensor(0.0376, device='cuda:0')","tensor([0., 0., 0., 0., 0., 0., 0., 0., 0., 0., 0., 0., 0., 0., 0., 0., 0., 0.,
        1., 0., 0., 0., 0., 0., 0., 0.], device='cuda:0')","tensor(0.0028, device='cuda:0')","tensor(0.0015, device='cuda:0')"
4,3.349018,3.179277,0.169598,0.152564,0.021672,3.451873,3.277142,0.221616,0.152569,"tensor(0.0376, device='cuda:0')","tensor([0., 0., 0., 0., 0., 0., 0., 0., 0., 0., 0., 0., 0., 0., 0., 0., 0., 0.,
        1., 0., 0., 0., 0., 0., 0., 0.], device='cuda:0')","tensor(0.0028, device='cuda:0')","tensor(0.0014, device='cuda:0')"
5,3.314698,3.154966,0.203464,0.139115,0.027014,3.455874,3.289740,0.242007,0.141933,"tensor(0.0376, device='cuda:0')","tensor([0., 0., 0., 0., 0., 0., 0., 0., 0., 0., 0., 0., 0., 0., 0., 0., 0., 0.,
        1., 0., 0., 0., 0., 0., 0., 0.], device='cuda:0')","tensor(0.0028, device='cuda:0')","tensor(0.0014, device='cuda:0')"
6,3.282728,3.131411,0.214547,0.129564,0.029911,3.452358,3.294625,0.252448,0.132488,"tensor(0.0447, device='cuda:0')","tensor([0.0000, 0.0000, 0.0000, 0.0000, 0.0000, 0.0000, 0.0000, 0.0000, 0.0000,
        0.0000, 0.0000, 0.0000, 0.0000, 0.0000, 0.0000, 0.0000, 0.0000, 0.0000,
        1.0000, 0.0000, 0.0000, 0.0000, 0.2000, 0.0000, 0.0000, 0.0000],
       device='cuda:0')","tensor(0.0111, device='cuda:0')","tensor(0.0104, device='cuda:0')"
7,3.242949,3.098922,0.215526,0.122209,0.026493,3.427682,3.277196,0.258042,0.124682,"tensor(0.0624, device='cuda:0')","tensor([0.0000, 0.0000, 0.0000, 0.0000, 0.0000, 0.0000, 0.0000, 0.0000, 0.0000,
        0.0000, 0.0000, 0.0000, 0.0000, 0.0000, 0.0000, 0.0000, 0.0000, 0.0000,
        1.0000, 0.0000, 0.0000, 0.0000, 0.7000, 0.0000, 0.0000, 0.0000],
       device='cuda:0')","tensor(0.0095, device='cuda:0')","tensor(0.0052, device='cuda:0')"
8,3.187367,3.049804,0.223845,0.114956,0.022223,3.391465,3.246056,0.262661,0.119143,"tensor(0.0635, device='cuda:0')","tensor([0.0000, 0.0000, 0.0000, 0.0000, 0.0000, 0.0000, 0.0000, 0.0000, 0.0000,
        0.0000, 0.0000, 0.0000, 0.0000, 0.0000, 0.0000, 0.0000, 0.0000, 0.0000,
        1.0000, 0.0000, 0.0000, 0.0000, 0.7333, 0.0000, 0.0000, 0.0000],
       device='cuda:0')","tensor(0.0094, device='cuda:0')","tensor(0.0051, device='cuda:0')"
9,3.118409,2.984350,0.234541,0.110315,0.029047,3.354930,3.213262,0.280048,0.113663,"tensor(0.0694, device='cuda:0')","tensor([0.0000, 0.0000, 0.0000, 0.0000, 0.0000, 0.0000, 0.0000, 0.0000, 0.0000,
        0.0000, 0.0000, 0.0000, 0.0000, 0.0000, 0.0000, 0.0000, 0.0000, 0.0000,
        1.0000, 0.0000, 0.0000, 0.0000, 0.9000, 0.0000, 0.0000, 0.0000],
       device='cuda:0')","tensor(0.0099, device='cuda:0')","tensor(0.0053, device='cuda:0')"
10,3.028696,2.897080,0.247589,0.106610,0.024702,3.300810,3.161106,0.297370,0.109967,"tensor(0.0729, device='cuda:0')","tensor([0.0000, 0.0000, 0.0000, 0.0000, 0.0000, 0.0000, 0.0000, 0.0000, 0.0000,
        0.0000, 0.0000, 0.0000, 0.0000, 0.0000, 0.0233, 0.0000, 0.0000, 0.0000,
        1.0000, 0.0000, 0.0000, 0.0000, 0.9667, 0.0000, 0.0000, 0.0000],
       device='cuda:0')","tensor(0.0127, device='cuda:0')","tensor(0.0444, device='cuda:0')"
11,2.919829,2.787591,0.268243,0.105166,0.024712,3.239928,3.099712,0.323085,0.107908,"tensor(0.0882, device='cuda:0')","tensor([0.0000, 0.0000, 0.0000, 0.0000, 0.0250, 0.0000, 0.0345, 0.0303, 0.0000,
        0.0000, 0.0000, 0.0000, 0.0000, 0.0000, 0.2093, 0.0000, 0.0000, 0.0000,
        0.9688, 0.1034, 0.0000, 0.0000, 0.9667, 0.0000, 0.0000, 0.0000],
       device='cuda:0')","tensor(0.0391, device='cuda:0')","tensor(0.1346, device='cuda:0')"
12,2.785697,2.653055,0.286068,0.103711,0.032330,3.185782,3.042830,0.331940,0.109759,"tensor(0.1482, device='cuda:0')","tensor([0.0556, 0.0000, 0.0000, 0.0000, 0.5750, 0.0000, 0.0345, 0.2424, 0.0000,
        0.0000, 0.0000, 0.0000, 0.0000, 0.0000, 0.5581, 0.0000, 0.0000, 0.0000,
        0.9688, 0.2414, 0.0000, 0.0000, 1.0000, 0.0000, 0.0000, 0.0000],
       device='cuda:0')","tensor(0.0857, device='cuda:0')","tensor(0.1520, device='cuda:0')"
13,2.633833,2.499491,0.299856,0.104007,0.034918,3.153965,3.008097,0.367211,0.109147,"tensor(0.1624, device='cuda:0')","tensor([0.0833, 0.0000, 0.0000, 0.0000, 0.6500, 0.0000, 0.0690, 0.2727, 0.0000,
        0.0000, 0.0000, 0.0000, 0.0000, 0.0000, 0.6977, 0.0000, 0.0000, 0.0000,
        0.9688, 0.2414, 0.0000, 0.0000, 1.0000, 0.0000, 0.0000, 0.0000],
       device='cuda:0')","tensor(0.0858, device='cuda:0')","tensor(0.1145, device='cuda:0')"
14,2.470291,2.332666,0.322233,0.104976,0.042559,3.094039,2.946800,0.395121,0.107727,"tensor(0.2000, device='cuda:0')","tensor([0.0556, 0.0000, 0.0000, 0.0000, 0.7500, 0.0000, 0.0690, 0.2727, 0.0312,
        0.0000, 0.0000, 0.0882, 0.0323, 0.0000, 0.8837, 0.0000, 0.0000, 0.5000,
        0.9688, 0.2414, 0.0000, 0.0000, 0.9667, 0.1379, 0.0000, 0.0000],
       device='cuda:0')","tensor(0.1170, device='cuda:0')","tensor(0.2013, device='cuda:0')"
15,2.302754,2.160236,0.347934,0.107251,0.047416,3.015715,2.863903,0.437725,0.108040,"tensor(0.2094, device='cuda:0')","tensor([0.0556, 0.1538, 0.0000, 0.0000, 0.7750, 0.0000, 0.0690, 0.3030, 0.0312,
        0.0000, 0.0000, 0.0588, 0.1290, 0.0000, 0.8372, 0.0000, 0.0000, 0.6538,
        1.0000, 0.0690, 0.0000, 0.0000, 0.9000, 0.2759, 0.0000, 0.0000],
       device='cuda:0')","tensor(0.1204, device='cuda:0')","tensor(0.1861, device='cuda:0')"
16,2.131666,1.984974,0.372655,0.108827,0.059875,2.959300,2.800679,0.441516,0.114469,"tensor(0.2071, device='cuda:0')","tensor([0.1111, 0.4615, 0.0000, 0.0270, 0.6500, 0.0000, 0.0345, 0.2121, 0.0625,
        0.0000, 0.0000, 0.1471, 0.4194, 0.0000, 0.5814, 0.0000, 0.0000, 0.3462,
        1.0000, 0.2069, 0.0000, 0.0000, 0.8667, 0.2414, 0.0000, 0.0000],
       device='cuda:0')","tensor(0.1493, device='cuda:0')","tensor(0.2418, device='cuda:0')"
17,1.924209,1.771104,0.397431,0.112759,0.060356,2.942614,2.777273,0.496750,0.115666,"tensor(0.2082, device='cuda:0')","tensor([0.2500, 0.1538, 0.0000, 0.0270, 0.5500, 0.0000, 0.1034, 0.2424, 0.0625,
        0.0968, 0.0000, 0.5000, 0.3548, 0.0000, 0.4419, 0.0000, 0.0000, 0.1538,
        1.0000, 0.3103, 0.0000, 0.0000, 0.8667, 0.2414, 0.0000, 0.0000],
       device='cuda:0')","tensor(0.1655, device='cuda:0')","tensor(0.2805, device='cuda:0')"
18,1.716826,1.557795,0.435781,0.114758,0.069479,2.769514,2.593301,0.536148,0.122598,"tensor(0.2929, device='cuda:0')","tensor([0.4722, 0.0000, 0.0000, 0.2432, 0.6000, 0.0000, 0.0690, 0.2424, 0.0625,
        0.5161, 0.0000, 0.5000, 0.4839, 0.0000, 0.7674, 0.0000, 0.0270, 0.5769,
        1.0000, 0.6897, 0.0465, 0.0882, 0.8667, 0.2414, 0.0000, 0.0000],
       device='cuda:0')","tensor(0.2160, device='cuda:0')","tensor(0.2864, device='cuda:0')"
19,1.520960,1.354265,0.460065,0.119794,0.089418,2.655928,2.475055,0.538751,0.126998,"tensor(0.3188, device='cuda:0')","tensor([0.3889, 0.7692, 0.0000, 0.1081, 0.7250, 0.0000, 0.3448, 0.3030, 0.1250,
        0.5161, 0.0000, 0.2059, 0.3871, 0.1765, 0.5116, 0.1875, 0.1351, 0.3462,
        0.7500, 0.8621, 0.0698, 0.2647, 0.9333, 0.2759, 0.0000, 0.0000],
       device='cuda:0')","tensor(0.2820, device='cuda:0')","tensor(0.3777, device='cuda:0')"
20,1.340722,1.170759,0.476496,0.121711,0.060325,2.743333,2.557873,0.554557,0.130004,"tensor(0.3071, device='cuda:0')","tensor([0.3056, 0.7308, 0.0000, 0.0541, 0.5750, 0.0000, 0.5517, 0.2121, 0.0938,
        0.6452, 0.0000, 0.7647, 0.2258, 0.2353, 0.4419, 0.2188, 0.0541, 0.2308,
        0.8438, 0.2414, 0.0000, 0.2059, 0.8333, 0.6552, 0.0000, 0.0000],
       device='cuda:0')","tensor(0.2603, device='cuda:0')","tensor(0.4004, device='cuda:0')"
21,1.195411,1.021895,0.482626,0.124528,0.072614,2.606517,2.416646,0.564524,0.133419,"tensor(0.3224, device='cuda:0')","tensor([0.0278, 0.4231, 0.0000, 0.1892, 0.4500, 0.2000, 0.5517, 0.3030, 0.1562,
        0.8710, 0.0000, 0.3824, 0.4194, 0.0882, 0.7674, 0.1250, 0.2703, 0.3462,
        0.9688, 0.2414, 0.2326, 0.3529, 0.6333, 0.1724, 0.0000, 0.1111],
       device='cuda:0')","tensor(0.2926, device='cuda:0')","tensor(0.4231, device='cuda:0')"
22,1.075989,0.902006,0.467645,0.126213,0.100536,2.458843,2.270304,0.555490,0.132990,"tensor(0.3741, device='cuda:0')","tensor([0.5000, 0.6154, 0.0400, 0.3243, 0.7500, 0.0857, 0.1034, 0.2727, 0.2188,
        0.7097, 0.0000, 0.2353, 0.5484, 0.4118, 0.6744, 0.3438, 0.0541, 0.3462,
        0.7812, 0.6552, 0.1860, 0.3529, 0.9000, 0.4828, 0.0000, 0.0741],
       device='cuda:0')","tensor(0.3357, device='cuda:0')","tensor(0.4496, device='cuda:0')"
23,0.992258,0.819127,0.461083,0.126313,0.070881,2.420727,2.231079,0.547512,0.134898,"tensor(0.4059, device='cuda:0')","tensor([0.1667, 0.6154, 0.2000, 0.4054, 0.3500, 0.2286, 0.5172, 0.2727, 0.3125,
        0.6452, 0.0606, 0.7059, 0.4839, 0.2647, 0.6047, 0.3125, 0.3514, 0.3846,
        0.9375, 0.2069, 0.6977, 0.5000, 0.6667, 0.4138, 0.0000, 0.1111],
       device='cuda:0')","tensor(0.3863, device='cuda:0')","tensor(0.4394, device='cuda:0')"
24,0.943737,0.771171,0.442765,0.127695,0.059346,2.781653,2.588404,0.542802,0.138969,"tensor(0.2600, device='cuda:0')","tensor([0.2778, 0.4231, 0.0000, 0.0000, 0.5250, 0.0571, 0.1034, 0.2424, 0.0312,
        0.6452, 0.0000, 0.3529, 0.1935, 0.1176, 0.5116, 0.1875, 0.0541, 0.0385,
        1.0000, 0.6552, 0.0233, 0.2059, 0.6667, 0.3793, 0.0000, 0.0741],
       device='cuda:0')","tensor(0.2332, device='cuda:0')","tensor(0.4113, device='cuda:0')"
25,0.916012,0.741642,0.435443,0.130041,0.078504,2.388906,2.196907,0.534503,0.138549,"tensor(0.3859, device='cuda:0')","tensor([0.3056, 0.5385, 0.2400, 0.3784, 0.5500, 0.1714, 0.3448, 0.3030, 0.3125,
        0.5806, 0.0000, 0.4706, 0.4516, 0.2353, 0.6512, 0.2500, 0.0541, 0.5385,
        0.6562, 0.2759, 0.5116, 0.8824, 0.7667, 0.3103, 0.0312, 0.1111],
       device='cuda:0')","tensor(0.3645, device='cuda:0')","tensor(0.4314, device='cuda:0')"
26,0.888107,0.713044,0.430824,0.131426,0.055491,2.546199,2.353362,0.526880,0.140149,"tensor(0.3341, device='cuda:0')","tensor([0.1111, 0.6538, 0.1600, 0.1081, 0.4000, 0.3429, 0.1034, 0.2121, 0.0938,
        0.7419, 0.0909, 0.4118, 0.2258, 0.2941, 0.6977, 0.1562, 0.2973, 0.1538,
        0.9688, 0.9655, 0.0465, 0.0882, 0.9000, 0.4828, 0.0000, 0.0741],
       device='cuda:0')","tensor(0.2949, device='cuda:0')","tensor(0.4023, device='cuda:0')"
27,0.864946,0.691963,0.406321,0.131980,0.037164,2.397462,2.204213,0.517877,0.141462,"tensor(0.4047, device='cuda:0')","tensor([0.4444, 0.6154, 0.2000, 0.1892, 0.6750, 0.3714, 0.2414, 0.2727, 0.2500,
        0.7742, 0.0303, 0.2647, 0.4839, 0.2647, 0.6977, 0.3438, 0.0541, 0.2692,
        0.9688, 0.4828, 0.4419, 0.7647, 0.8333, 0.3448, 0.0000, 0.1111],
       device='cuda:0')","tensor(0.3689, device='cuda:0')","tensor(0.4123, device='cuda:0')"
28,0.848197,0.677059,0.388007,0.131820,0.051786,2.387425,2.197106,0.496996,0.140620,"tensor(0.4047, device='cuda:0')","tensor([0.3056, 0.6538, 0.2400, 0.2973, 0.5500, 0.3714, 0.3448, 0.2424, 0.2812,
        0.7419, 0.0303, 0.2941, 0.5161, 0.2647, 0.6977, 0.2812, 0.1622, 0.5000,
        0.9375, 0.6207, 0.2558, 0.5882, 0.8667, 0.4483, 0.0000, 0.0741],
       device='cuda:0')","tensor(0.3770, device='cuda:0')","tensor(0.3922, device='cuda:0')"
29,0.835529,0.667291,0.363843,0.131438,0.041582,2.408822,2.217367,0.496858,0.141770,"tensor(0.4024, device='cuda:0')","tensor([0.1944, 0.6538, 0.2800, 0.3514, 0.5250, 0.3143, 0.3448, 0.3333, 0.2188,
        0.7419, 0.0000, 0.3235, 0.5161, 0.2647, 0.7209, 0.3125, 0.2703, 0.4615,
        0.9062, 0.7586, 0.1860, 0.5294, 0.8667, 0.3793, 0.0000, 0.0741],
       device='cuda:0')","tensor(0.3742, device='cuda:0')","tensor(0.3871, device='cuda:0')"
30,0.827624,0.660937,0.349034,0.131405,0.037889,2.397316,2.205985,0.489956,0.142335,"tensor(0.4188, device='cuda:0')","tensor([0.2778, 0.7308, 0.2400, 0.3514, 0.5500, 0.3143, 0.3448, 0.3030, 0.2188,
        0.7419, 0.0606, 0.4118, 0.5161, 0.2647, 0.7209, 0.2812, 0.3243, 0.4231,
        0.9688, 0.7241, 0.3256, 0.4412, 0.8667, 0.4138, 0.0000, 0.0741],
       device='cuda:0')","tensor(0.3923, device='cuda:0')","tensor(0.4256, device='cuda:0')"
31,0.822089,0.655933,0.338137,0.132026,0.031678,2.423341,2.230702,0.498493,0.142790,"tensor(0.4035, device='cuda:0')","tensor([0.3611, 0.8077, 0.2400, 0.3784, 0.5250, 0.3429, 0.3448, 0.2727, 0.2188,
        0.7419, 0.0303, 0.2647, 0.5161, 0.2647, 0.7442, 0.1875, 0.2432, 0.3846,
        0.9688, 0.6897, 0.2093, 0.4706, 0.8667, 0.3793, 0.0000, 0.0741],
       device='cuda:0')","tensor(0.3713, device='cuda:0')","tensor(0.4003, device='cuda:0')"
32,0.818634,0.652145,0.335192,0.132699,0.027135,2.433576,2.240423,0.495717,0.143582,"tensor(0.4024, device='cuda:0')","tensor([0.2222, 0.8077, 0.2800, 0.4054, 0.5000, 0.4000, 0.3448, 0.2727, 0.2188,
        0.7419, 0.0606, 0.2941, 0.5161, 0.2647, 0.7442, 0.2188, 0.1892, 0.3462,
        0.9688, 0.7241, 0.2093, 0.4412, 0.8667, 0.3793, 0.0000, 0.1111],
       device='cuda:0')","tensor(0.3737, device='cuda:0')","tensor(0.4122, device='cuda:0')"
33,0.814048,0.649200,0.329395,0.131617,0.029171,2.414593,2.220051,0.502249,0.144318,"tensor(0.4106, device='cuda:0')","tensor([0.2500, 0.8077, 0.2400, 0.3784, 0.5000, 0.3429, 0.2759, 0.2727, 0.2500,
        0.7097, 0.0303, 0.3235, 0.5161, 0.2647, 0.7674, 0.2500, 0.2973, 0.3846,
        0.9688, 0.7586, 0.2791, 0.4706, 0.8333, 0.4138, 0.0000, 0.1111],
       device='cuda:0')","tensor(0.3794, device='cuda:0')","tensor(0.4104, device='cuda:0')"
34,0.814113,0.647024,0.328311,0.134010,0.024756,2.434912,2.240322,0.496650,0.144924,"tensor(0.4106, device='cuda:0')","tensor([0.2500, 0.8077, 0.3200, 0.3784, 0.5000, 0.3143, 0.3103, 0.2727, 0.2812,
        0.6452, 0.0606, 0.3529, 0.5161, 0.2647, 0.6977, 0.2500, 0.2973, 0.3846,
        0.9688, 0.7241, 0.2791, 0.4706, 0.8000, 0.4828, 0.0000, 0.1111],
       device='cuda:0')","tensor(0.3852, device='cuda:0')","tensor(0.4067, device='cuda:0')"
35,0.812086,0.645011,0.325085,0.134285,0.028100,2.429705,2.235843,0.489997,0.144862,"tensor(0.4082, device='cuda:0')","tensor([0.2778, 0.7308, 0.2800, 0.3784, 0.5250, 0.2857, 0.3103, 0.3030, 0.2812,
        0.7097, 0.0909, 0.3824, 0.4839, 0.2647, 0.7442, 0.2188, 0.3243, 0.3462,
        0.9688, 0.6897, 0.2791, 0.4412, 0.8333, 0.3793, 0.0000, 0.0741],
       device='cuda:0')","tensor(0.3809, device='cuda:0')","tensor(0.4128, device='cuda:0')"
36,0.810861,0.643315,0.322798,0.135011,0.025517,2.434011,2.238501,0.502623,0.145247,"tensor(0.4106, device='cuda:0')","tensor([0.3333, 0.7692, 0.2400, 0.4054, 0.5250, 0.2857, 0.3103, 0.2727, 0.2500,
        0.7419, 0.0606, 0.3235, 0.4839, 0.2647, 0.7209, 0.2812, 0.2432, 0.3846,
        0.9688, 0.6897, 0.3023, 0.4706, 0.8000, 0.4828, 0.0000, 0.0741],
       device='cuda:0')","tensor(0.3815, device='cuda:0')","tensor(0.4097, device='cuda:0')"
37,0.809888,0.642210,0.324076,0.135052,0.021826,2.451839,2.255967,0.500205,0.145852,"tensor(0.4141, device='cuda:0')","tensor([0.3056, 0.7692, 0.2400, 0.3784, 0.5250, 0.3143, 0.3448, 0.3333, 0.2812,
        0.7097, 0.0606, 0.2647, 0.5161, 0.2941, 0.7442, 0.2188, 0.3243, 0.3846,
        0.9688, 0.7241, 0.2326, 0.4706, 0.8000, 0.4483, 0.0312, 0.1111],
       device='cuda:0')","tensor(0.3872, device='cuda:0')","tensor(0.4306, device='cuda:0')"
38,0.808258,0.640825,0.317764,0.135428,0.022795,2.452575,2.256055,0.506469,0.145873,"tensor(0.4106, device='cuda:0')","tensor([0.3056, 0.7692, 0.2400, 0.3784, 0.5250, 0.3143, 0.3103, 0.3030, 0.2812,
        0.6452, 0.0909, 0.3529, 0.5161, 0.2941, 0.7442, 0.2500, 0.2973, 0.3846,
        0.9688, 0.7586, 0.1860, 0.4118, 0.8333, 0.4483, 0.0000, 0.1111],
       device='cuda:0')","tensor(0.3837, device='cuda:0')","tensor(0.4126, device='cuda:0')"
39,0.807125,0.639875,0.316460,0.135393,0.021091,2.452997,2.257348,0.497440,0.145905,"tensor(0.3988, device='cuda:0')","tensor([0.3611, 0.7692, 0.2000, 0.3784, 0.5250, 0.2571, 0.3103, 0.3333, 0.2500,
        0.6452, 0.0303, 0.3529, 0.5161, 0.1765, 0.7674, 0.2188, 0.2432, 0.3846,
        0.9688, 0.6897, 0.2093, 0.4412, 0.7667, 0.4483, 0.0312, 0.1111],
       device='cuda:0')","tensor(0.3711, device='cuda:0')","tensor(0.4136, device='cuda:0')"
40,0.806379,0.638947,0.316469,0.135545,0.023998,2.468442,2.272633,0.493074,0.146502,"tensor(0.4059, device='cuda:0')","tensor([0.2778, 0.8077, 0.2400, 0.3784, 0.4750, 0.3429, 0.3103, 0.3030, 0.2500,
        0.7097, 0.0303, 0.3235, 0.5161, 0.2647, 0.7907, 0.2188, 0.3243, 0.3846,
        0.9688, 0.6897, 0.1860, 0.4412, 0.8000, 0.4138, 0.0312, 0.1111],
       device='cuda:0')","tensor(0.3778, device='cuda:0')","tensor(0.4380, device='cuda:0')"
41,0.805579,0.638060,0.314079,0.135869,0.024130,2.459796,2.264474,0.488210,0.146501,"tensor(0.4047, device='cuda:0')","tensor([0.2778, 0.7692, 0.2400, 0.3784, 0.4750, 0.2571, 0.3103, 0.3030, 0.2500,
        0.6129, 0.0606, 0.3235, 0.4839, 0.2647, 0.8140, 0.2500, 0.2973, 0.4615,
        0.9688, 0.7931, 0.2093, 0.4118, 0.7667, 0.4483, 0.0000, 0.1481],
       device='cuda:0')","tensor(0.3773, device='cuda:0')","tensor(0.4046, device='cuda:0')"
42,0.805187,0.637276,0.316319,0.136055,0.022422,2.477884,2.280969,0.498379,0.147077,"tensor(0.4071, device='cuda:0')","tensor([0.2222, 0.8077, 0.2400, 0.3784, 0.5000, 0.3143, 0.3448, 0.3333, 0.2500,
        0.6452, 0.0909, 0.2941, 0.5161, 0.2941, 0.7907, 0.2500, 0.2432, 0.3846,
        0.9688, 0.7586, 0.2326, 0.4118, 0.8000, 0.4483, 0.0000, 0.1111],
       device='cuda:0')","tensor(0.3808, device='cuda:0')","tensor(0.4267, device='cuda:0')"
43,0.803452,0.636527,0.309438,0.135760,0.022030,2.472068,2.273342,0.516960,0.147030,"tensor(0.4059, device='cuda:0')","tensor([0.2778, 0.7692, 0.2800, 0.3784, 0.5500, 0.2857, 0.3103, 0.3030, 0.2812,
        0.5806, 0.0606, 0.3235, 0.5161, 0.2647, 0.7674, 0.2500, 0.2973, 0.3846,
        0.9688, 0.7241, 0.2326, 0.4118, 0.7333, 0.4483, 0.0312, 0.1481],
       device='cuda:0')","tensor(0.3848, device='cuda:0')","tensor(0.4243, device='cuda:0')"
44,0.801916,0.635908,0.308289,0.134897,0.028213,2.482211,2.282791,0.521966,0.147224,"tensor(0.4035, device='cuda:0')","tensor([0.2778, 0.7692, 0.2400, 0.3784, 0.5000, 0.2857, 0.3103, 0.3030, 0.2188,
        0.6452, 0.0303, 0.3235, 0.5161, 0.2647, 0.8140, 0.2500, 0.2973, 0.4615,
        0.9688, 0.7241, 0.2558, 0.4118, 0.7333, 0.4138, 0.0000, 0.1111],
       device='cuda:0')","tensor(0.3744, device='cuda:0')","tensor(0.4037, device='cuda:0')"
45,0.802149,0.635425,0.313603,0.135071,0.029282,2.487361,2.289315,0.505792,0.147468,"tensor(0.4035, device='cuda:0')","tensor([0.3333, 0.7692, 0.2400, 0.3784, 0.5250, 0.2571, 0.3103, 0.3030, 0.2500,
        0.5806, 0.0606, 0.2941, 0.5161, 0.2647, 0.7907, 0.1875, 0.3514, 0.4231,
        0.9375, 0.6897, 0.2326, 0.4118, 0.7333, 0.4483, 0.0312, 0.1852],
       device='cuda:0')","tensor(0.3816, device='cuda:0')","tensor(0.4302, device='cuda:0')"
46,0.803868,0.634979,0.311313,0.137513,0.024473,2.484507,2.286382,0.493727,0.148752,"tensor(0.4047, device='cuda:0')","tensor([0.2778, 0.7692, 0.2400, 0.4054, 0.5500, 0.2857, 0.3103, 0.3030, 0.2500,
        0.6452, 0.0606, 0.2647, 0.5161, 0.2647, 0.7907, 0.2500, 0.2432, 0.4615,
        0.9688, 0.7241, 0.2093, 0.4412, 0.8000, 0.4483, 0.0000, 0.0741],
       device='cuda:0')","tensor(0.3739, device='cuda:0')","tensor(0.4127, device='cuda:0')"
47,0.800859,0.634525,0.309031,0.135200,0.023062,2.487573,2.290568,0.498959,0.147109,"tensor(0.4000, device='cuda:0')","tensor([0.3056, 0.7692, 0.2000, 0.3784, 0.5250, 0.2571, 0.2759, 0.3030, 0.2812,
        0.5806, 0.0303, 0.3235, 0.5161, 0.1765, 0.7907, 0.2500, 0.2703, 0.4615,
        0.9688, 0.8276, 0.1628, 0.4412, 0.8000, 0.4483, 0.0312, 0.0741],
       device='cuda:0')","tensor(0.3683, device='cuda:0')","tensor(0.4140, device='cuda:0')"
48,0.800398,0.634083,0.309155,0.135122,0.027754,2.486279,2.286863,0.513115,0.148104,"tensor(0.4012, device='cuda:0')","tensor([0.2500, 0.7692, 0.2000, 0.3784, 0.5500, 0.2571, 0.3103, 0.3030, 0.2500,
        0.6129, 0.1212, 0.3235, 0.4839, 0.2647, 0.7674, 0.2500, 0.2703, 0.4231,
        0.9688, 0.7586, 0.2093, 0.4118, 0.7333, 0.4483, 0.0312, 0.1111],
       device='cuda:0')","tensor(0.3760, device='cuda:0')","tensor(0.4289, device='cuda:0')"
49,0.795189,0.633698,0.301659,0.131041,0.028474,2.499133,2.300196,0.515482,0.147388,"tensor(0.3988, device='cuda:0')","tensor([0.2500, 0.7692, 0.2800, 0.3784, 0.4750, 0.2857, 0.2759, 0.3030, 0.2500,
        0.5806, 0.1212, 0.3235, 0.5161, 0.2647, 0.7907, 0.2500, 0.1892, 0.4231,
        0.9688, 0.6897, 0.2326, 0.4706, 0.7333, 0.4483, 0.0312, 0.1111],
       device='cuda:0')","tensor(0.3764, device='cuda:0')","tensor(0.4228, device='cuda:0')"
50,0.797748,0.633381,0.300870,0.134108,0.017272,2.487009,2.286995,0.510017,0.149012,"tensor(0.4071, device='cuda:0')","tensor([0.3056, 0.7692, 0.2800, 0.4054, 0.5250, 0.2286, 0.3103, 0.3030, 0.2500,
        0.6129, 0.1212, 0.3235, 0.4839, 0.2059, 0.7907, 0.2812, 0.2703, 0.4231,
        0.9688, 0.7241, 0.2558, 0.4412, 0.7333, 0.4483, 0.0312, 0.1111],
       device='cuda:0')","tensor(0.3844, device='cuda:0')","tensor(0.4341, device='cuda:0')"
51,0.795632,0.633005,0.299795,0.132425,0.022221,2.492914,2.295104,0.504230,0.147387,"tensor(0.4047, device='cuda:0')","tensor([0.2778, 0.8077, 0.2400, 0.3784, 0.5250, 0.2857, 0.3103, 0.3030, 0.2188,
        0.5161, 0.0606, 0.3235, 0.4839, 0.2941, 0.8140, 0.2812, 0.2162, 0.4231,
        0.9688, 0.7586, 0.2326, 0.4706, 0.7667, 0.4483, 0.0312, 0.1111],
       device='cuda:0')","tensor(0.3788, device='cuda:0')","tensor(0.4231, device='cuda:0')"
52,0.795751,0.632674,0.300418,0.132772,0.026389,2.485703,2.286257,0.514874,0.147959,"tensor(0.4047, device='cuda:0')","tensor([0.2500, 0.7692, 0.2400, 0.3784, 0.5750, 0.2571, 0.3103, 0.3030, 0.2500,
        0.5484, 0.0303, 0.4412, 0.4839, 0.2941, 0.7907, 0.2500, 0.2703, 0.4231,
        0.9688, 0.6897, 0.2326, 0.4412, 0.7667, 0.4483, 0.0000, 0.1111],
       device='cuda:0')","tensor(0.3762, device='cuda:0')","tensor(0.4083, device='cuda:0')"
53,0.800187,0.632381,0.311067,0.136167,0.053319,2.491798,2.290828,0.502331,0.150737,"tensor(0.4082, device='cuda:0')","tensor([0.3056, 0.7692, 0.2000, 0.4054, 0.5250, 0.2571, 0.3103, 0.3030, 0.2188,
        0.5806, 0.0606, 0.4706, 0.5161, 0.2941, 0.8140, 0.2500, 0.2703, 0.4231,
        0.9375, 0.6897, 0.2558, 0.4118, 0.7333, 0.4828, 0.0312, 0.0741],
       device='cuda:0')","tensor(0.3816, device='cuda:0')","tensor(0.4365, device='cuda:0')"
54,0.794150,0.632105,0.301503,0.131626,0.026799,2.500727,2.298770,0.532462,0.148711,"tensor(0.4129, device='cuda:0')","tensor([0.2222, 0.7692, 0.2800, 0.3784, 0.5500, 0.2857, 0.3103, 0.2727, 0.2812,
        0.5484, 0.0909, 0.4118, 0.5161, 0.2647, 0.8140, 0.2812, 0.2703, 0.4231,
        0.9688, 0.7586, 0.2326, 0.4118, 0.8000, 0.4483, 0.0312, 0.1481],
       device='cuda:0')","tensor(0.3889, device='cuda:0')","tensor(0.4390, device='cuda:0')"
55,0.797132,0.631833,0.300041,0.135113,0.018118,2.495887,2.295457,0.513532,0.149076,"tensor(0.4047, device='cuda:0')","tensor([0.2500, 0.7692, 0.2400, 0.3784, 0.5750, 0.3143, 0.3103, 0.3030, 0.2812,
        0.5806, 0.0606, 0.3529, 0.4839, 0.2647, 0.7674, 0.2500, 0.2162, 0.4231,
        0.9688, 0.7931, 0.2326, 0.4118, 0.7667, 0.4483, 0.0312, 0.0741],
       device='cuda:0')","tensor(0.3776, device='cuda:0')","tensor(0.4551, device='cuda:0')"
56,0.792168,0.631619,0.294907,0.130832,0.022534,2.504950,2.305831,0.515151,0.147604,"tensor(0.4118, device='cuda:0')","tensor([0.3056, 0.7692, 0.2400, 0.4054, 0.5750, 0.2571, 0.3103, 0.3030, 0.2500,
        0.5806, 0.0303, 0.4412, 0.4839, 0.2353, 0.8140, 0.2500, 0.2973, 0.4231,
        0.9688, 0.7586, 0.2093, 0.4118, 0.7667, 0.4828, 0.0312, 0.1111],
       device='cuda:0')","tensor(0.3847, device='cuda:0')","tensor(0.4392, device='cuda:0')"
57,0.794486,0.631365,0.296218,0.133295,0.020445,2.492392,2.292393,0.511799,0.148819,"tensor(0.4212, device='cuda:0')","tensor([0.3056, 0.7692, 0.2000, 0.4054, 0.5500, 0.3143, 0.3103, 0.3030, 0.2500,
        0.5806, 0.1212, 0.4706, 0.4839, 0.2941, 0.7907, 0.2812, 0.2973, 0.4231,
        0.9688, 0.7241, 0.2791, 0.4118, 0.8000, 0.4828, 0.0312, 0.0741],
       device='cuda:0')","tensor(0.3957, device='cuda:0')","tensor(0.4489, device='cuda:0')"
58,0.792813,0.631178,0.295373,0.131882,0.021502,2.511066,2.310646,0.516273,0.148792,"tensor(0.4094, device='cuda:0')","tensor([0.3056, 0.7692, 0.2400, 0.4054, 0.5250, 0.3143, 0.3103, 0.3030, 0.2812,
        0.5806, 0.0303, 0.4118, 0.4839, 0.2647, 0.8372, 0.2500, 0.2703, 0.4231,
        0.9688, 0.6897, 0.2093, 0.4118, 0.7667, 0.4483, 0.0312, 0.1111],
       device='cuda:0')","tensor(0.3836, device='cuda:0')","tensor(0.4315, device='cuda:0')"
59,0.792964,0.630999,0.291398,0.132637,0.018812,2.502232,2.301254,0.522712,0.148707,"tensor(0.4082, device='cuda:0')","tensor([0.2778, 0.7692, 0.2000, 0.3514, 0.5250, 0.3714, 0.3103, 0.3030, 0.2812,
        0.6129, 0.0909, 0.3529, 0.4839, 0.2941, 0.8140, 0.2188, 0.2703, 0.4231,
        0.9688, 0.7586, 0.2093, 0.4118, 0.8000, 0.4138, 0.0312, 0.0741],
       device='cuda:0')","tensor(0.3800, device='cuda:0')","tensor(0.4363, device='cuda:0')"
60,0.792060,0.630815,0.290516,0.132004,0.018953,2.502801,2.302307,0.512033,0.149291,"tensor(0.4094, device='cuda:0')","tensor([0.2778, 0.7692, 0.2000, 0.3784, 0.5500, 0.3429, 0.3103, 0.3030, 0.2188,
        0.6452, 0.0909, 0.3824, 0.4839, 0.2647, 0.7907, 0.2500, 0.2703, 0.4231,
        0.9688, 0.7586, 0.2558, 0.4118, 0.7333, 0.4483, 0.0312, 0.0741],
       device='cuda:0')","tensor(0.3818, device='cuda:0')","tensor(0.4314, device='cuda:0')"
61,0.791370,0.630667,0.290702,0.131395,0.023761,2.505454,2.303979,0.523183,0.149157,"tensor(0.4141, device='cuda:0')","tensor([0.3333, 0.7692, 0.2000, 0.3784, 0.5250, 0.3143, 0.3103, 0.3030, 0.2812,
        0.5806, 0.0909, 0.4118, 0.4839, 0.2941, 0.8140, 0.2500, 0.2432, 0.4231,
        0.9688, 0.7586, 0.2093, 0.4706, 0.7667, 0.4828, 0.0312, 0.0741],
       device='cuda:0')","tensor(0.3865, device='cuda:0')","tensor(0.4318, device='cuda:0')"
62,0.791345,0.630536,0.287044,0.131960,0.014458,2.510956,2.310191,0.517699,0.148995,"tensor(0.4106, device='cuda:0')","tensor([0.3056, 0.7692, 0.2000, 0.3784, 0.5250, 0.4000, 0.3103, 0.3030, 0.2500,
        0.6129, 0.0606, 0.3824, 0.4839, 0.2941, 0.8140, 0.2500, 0.2162, 0.4231,
        0.9688, 0.7586, 0.2326, 0.4118, 0.7667, 0.4138, 0.0312, 0.1111],
       device='cuda:0')","tensor(0.3818, device='cuda:0')","tensor(0.4376, device='cuda:0')"
63,0.792076,0.630398,0.287267,0.132819,0.013269,2.506669,2.305214,0.520412,0.149414,"tensor(0.4153, device='cuda:0')","tensor([0.3889, 0.7692, 0.2400, 0.3784, 0.5250, 0.3429, 0.3103, 0.3030, 0.2500,
        0.6774, 0.0606, 0.3529, 0.4839, 0.2941, 0.8372, 0.2812, 0.2703, 0.4231,
        0.9688, 0.7241, 0.2093, 0.3824, 0.7667, 0.4483, 0.0312, 0.0741],
       device='cuda:0')","tensor(0.3883, device='cuda:0')","tensor(0.4443, device='cuda:0')"
64,0.791471,0.630268,0.286994,0.132368,0.013557,2.507211,2.306527,0.512996,0.149384,"tensor(0.4129, device='cuda:0')","tensor([0.3333, 0.7692, 0.2000, 0.3784, 0.5750, 0.3429, 0.3103, 0.3030, 0.2188,
        0.6452, 0.0909, 0.3824, 0.4839, 0.2941, 0.8140, 0.2500, 0.2973, 0.4231,
        0.9688, 0.7241, 0.2093, 0.3824, 0.7667, 0.4483, 0.0312, 0.0741],
       device='cuda:0')","tensor(0.3847, device='cuda:0')","tensor(0.4377, device='cuda:0')"
65,0.791095,0.630115,0.285783,0.132231,0.017047,2.511453,2.309613,0.523567,0.149483,"tensor(0.4071, device='cuda:0')","tensor([0.3056, 0.7692, 0.2000, 0.3784, 0.5250, 0.3143, 0.3103, 0.3030, 0.2500,
        0.6129, 0.0909, 0.4706, 0.4839, 0.2353, 0.7907, 0.2812, 0.2703, 0.4231,
        0.9375, 0.6897, 0.2093, 0.4118, 0.7667, 0.4483, 0.0312, 0.0741],
       device='cuda:0')","tensor(0.3798, device='cuda:0')","tensor(0.4198, device='cuda:0')"
66,0.790673,0.630019,0.287715,0.131649,0.023367,2.513022,2.311074,0.527570,0.149191,"tensor(0.4094, device='cuda:0')","tensor([0.3611, 0.7692, 0.2000, 0.3784, 0.5500, 0.3429, 0.3103, 0.3030, 0.2812,
        0.6129, 0.0909, 0.3824, 0.4839, 0.2353, 0.7907, 0.2188, 0.2973, 0.4231,
        0.9375, 0.7241, 0.2558, 0.4118, 0.7333, 0.4138, 0.0312, 0.0741],
       device='cuda:0')","tensor(0.3822, device='cuda:0')","tensor(0.4291, device='cuda:0')"
67,0.790988,0.629916,0.283833,0.132508,0.018086,2.513040,2.312192,0.516971,0.149151,"tensor(0.4094, device='cuda:0')","tensor([0.3056, 0.7308, 0.2000, 0.3784, 0.5500, 0.3429, 0.3103, 0.3030, 0.2500,
        0.6452, 0.0606, 0.3824, 0.4839, 0.2647, 0.7907, 0.2500, 0.2703, 0.4231,
        0.9688, 0.7586, 0.2093, 0.4118, 0.7667, 0.4828, 0.0312, 0.0741],
       device='cuda:0')","tensor(0.3820, device='cuda:0')","tensor(0.4231, device='cuda:0')"
68,0.789936,0.629834,0.284219,0.131455,0.022435,2.507929,2.306216,0.529376,0.148776,"tensor(0.4118, device='cuda:0')","tensor([0.3611, 0.7692, 0.2000, 0.3514, 0.5000, 0.3714, 0.3103, 0.3030, 0.2500,
        0.6129, 0.0909, 0.4118, 0.4839, 0.2647, 0.7674, 0.2500, 0.2703, 0.4231,
        0.9688, 0.7931, 0.2558, 0.3824, 0.7667, 0.4828, 0.0312, 0.0370],
       device='cuda:0')","tensor(0.3850, device='cuda:0')","tensor(0.4340, device='cuda:0')"
69,0.791774,0.629771,0.287026,0.133117,0.018379,2.516740,2.315492,0.513606,0.149888,"tensor(0.4024, device='cuda:0')","tensor([0.3611, 0.7692, 0.2000, 0.3784, 0.5000, 0.3714, 0.3103, 0.3030, 0.2188,
        0.6129, 0.0303, 0.4412, 0.4839, 0.2353, 0.7674, 0.2188, 0.2973, 0.4231,
        0.9688, 0.7931, 0.1628, 0.3529, 0.7667, 0.4483, 0.0312, 0.0370],
       device='cuda:0')","tensor(0.3720, device='cuda:0')","tensor(0.4141, device='cuda:0')"
70,0.790557,0.629687,0.294820,0.131062,0.032623,2.521604,2.317908,0.542033,0.149493,"tensor(0.4129, device='cuda:0')","tensor([0.3056, 0.7692, 0.2400, 0.3784, 0.5250, 0.3143, 0.3103, 0.3030, 0.2188,
        0.5806, 0.0909, 0.4412, 0.4839, 0.2647, 0.7907, 0.3125, 0.2973, 0.4615,
        0.9688, 0.7931, 0.2326, 0.3824, 0.7333, 0.4483, 0.0312, 0.0741],
       device='cuda:0')","tensor(0.3876, device='cuda:0')","tensor(0.4363, device='cuda:0')"
71,0.790932,0.629573,0.284417,0.132669,0.024891,2.519931,2.319135,0.511860,0.149609,"tensor(0.4082, device='cuda:0')","tensor([0.3611, 0.7692, 0.1600, 0.3784, 0.5000, 0.3429, 0.3103, 0.3030, 0.2500,
        0.6129, 0.0606, 0.4412, 0.4839, 0.2941, 0.7907, 0.2188, 0.2703, 0.4615,
        0.9375, 0.7931, 0.2093, 0.3824, 0.7333, 0.4483, 0.0312, 0.0741],
       device='cuda:0')","tensor(0.3800, device='cuda:0')","tensor(0.4327, device='cuda:0')"
72,0.789899,0.629514,0.281237,0.132031,0.023026,2.513927,2.311345,0.526701,0.149913,"tensor(0.4071, device='cuda:0')","tensor([0.3611, 0.7692, 0.2000, 0.3784, 0.5250, 0.2857, 0.3103, 0.3030, 0.2188,
        0.6452, 0.0909, 0.4412, 0.4839, 0.2647, 0.7907, 0.2500, 0.2973, 0.4231,
        0.9375, 0.7586, 0.1860, 0.3824, 0.7333, 0.4483, 0.0312, 0.0741],
       device='cuda:0')","tensor(0.3800, device='cuda:0')","tensor(0.4356, device='cuda:0')"
73,0.789855,0.629466,0.279453,0.132207,0.023724,2.511532,2.309754,0.521109,0.149667,"tensor(0.4141, device='cuda:0')","tensor([0.3889, 0.7692, 0.2000, 0.3784, 0.5500, 0.3143, 0.3103, 0.3030, 0.2188,
        0.6129, 0.0909, 0.4412, 0.4839, 0.2941, 0.8140, 0.2812, 0.2703, 0.4231,
        0.9375, 0.7586, 0.2326, 0.3824, 0.7333, 0.4483, 0.0312, 0.0741],
       device='cuda:0')","tensor(0.3880, device='cuda:0')","tensor(0.4453, device='cuda:0')"
74,0.789119,0.629445,0.278206,0.131626,0.022776,2.511474,2.308875,0.531706,0.149429,"tensor(0.4082, device='cuda:0')","tensor([0.3056, 0.7692, 0.2000, 0.3514, 0.5500, 0.3429, 0.3103, 0.3030, 0.2188,
        0.5806, 0.0909, 0.4412, 0.4839, 0.2647, 0.8140, 0.2500, 0.2703, 0.4615,
        0.9375, 0.7931, 0.2326, 0.3529, 0.7667, 0.4483, 0.0312, 0.0370],
       device='cuda:0')","tensor(0.3801, device='cuda:0')","tensor(0.4326, device='cuda:0')"
75,0.789118,0.629366,0.276100,0.131930,0.021188,2.509281,2.306979,0.525597,0.149742,"tensor(0.4094, device='cuda:0')","tensor([0.3611, 0.7692, 0.2000, 0.3784, 0.5500, 0.3429, 0.3103, 0.3030, 0.2188,
        0.6129, 0.0909, 0.4118, 0.4839, 0.2647, 0.7674, 0.2188, 0.2703, 0.4231,
        0.9375, 0.7931, 0.2558, 0.4118, 0.7333, 0.4483, 0.0312, 0.0370],
       device='cuda:0')","tensor(0.3813, device='cuda:0')","tensor(0.4239, device='cuda:0')"
76,0.789362,0.629311,0.276484,0.132107,0.029462,2.513801,2.313066,0.515347,0.149200,"tensor(0.4059, device='cuda:0')","tensor([0.3333, 0.7308, 0.2000, 0.3784, 0.5250, 0.3143, 0.3103, 0.3030, 0.1875,
        0.5806, 0.0909, 0.4118, 0.4839, 0.2647, 0.7907, 0.2188, 0.2703, 0.4615,
        0.9688, 0.7586, 0.2558, 0.3824, 0.7333, 0.4483, 0.0312, 0.1111],
       device='cuda:0')","tensor(0.3807, device='cuda:0')","tensor(0.4257, device='cuda:0')"
77,0.787925,0.629271,0.274726,0.130845,0.033629,2.520304,2.317533,0.536133,0.149158,"tensor(0.4012, device='cuda:0')","tensor([0.3056, 0.7308, 0.2000, 0.3514, 0.5500, 0.3143, 0.3103, 0.3030, 0.1875,
        0.5806, 0.0909, 0.4118, 0.4839, 0.2647, 0.7907, 0.1875, 0.2703, 0.4231,
        0.9375, 0.7586, 0.2791, 0.3529, 0.7333, 0.4483, 0.0312, 0.1111],
       device='cuda:0')","tensor(0.3752, device='cuda:0')","tensor(0.4202, device='cuda:0')"
78,0.787593,0.629195,0.274538,0.130649,0.029658,2.516339,2.313903,0.530953,0.149340,"tensor(0.4106, device='cuda:0')","tensor([0.3333, 0.7308, 0.2000, 0.3514, 0.5250, 0.2857, 0.3103, 0.2727, 0.1875,
        0.6129, 0.0909, 0.4412, 0.4839, 0.2941, 0.8372, 0.2188, 0.2973, 0.4231,
        0.9688, 0.8276, 0.3023, 0.3529, 0.7333, 0.4483, 0.0312, 0.0741],
       device='cuda:0')","tensor(0.3816, device='cuda:0')","tensor(0.4375, device='cuda:0')"
79,0.788929,0.629175,0.279691,0.131513,0.027168,2.514881,2.312946,0.522338,0.149701,"tensor(0.4106, device='cuda:0')","tensor([0.3889, 0.7308, 0.1600, 0.3784, 0.5500, 0.3143, 0.3103, 0.3030, 0.1875,
        0.5806, 0.0909, 0.4118, 0.4839, 0.2647, 0.8140, 0.1875, 0.2703, 0.4231,
        0.9688, 0.7931, 0.3023, 0.3529, 0.7667, 0.4828, 0.0312, 0.0741],
       device='cuda:0')","tensor(0.3809, device='cuda:0')","tensor(0.4329, device='cuda:0')"
80,0.787154,0.629142,0.272196,0.130514,0.027861,2.516436,2.314322,0.530096,0.149104,"tensor(0.4141, device='cuda:0')","tensor([0.3889, 0.7692, 0.2400, 0.3784, 0.5250, 0.3143, 0.3103, 0.3030, 0.1875,
        0.6129, 0.0909, 0.4118, 0.4839, 0.2647, 0.8140, 0.1875, 0.2703, 0.4231,
        0.9688, 0.7931, 0.2558, 0.4412, 0.7667, 0.4483, 0.0312, 0.0741],
       device='cuda:0')","tensor(0.3870, device='cuda:0')","tensor(0.4576, device='cuda:0')"
81,0.786815,0.629096,0.273081,0.130180,0.023069,2.520913,2.318213,0.536725,0.149027,"tensor(0.4129, device='cuda:0')","tensor([0.3889, 0.7308, 0.2400, 0.3784, 0.5250, 0.3714, 0.3103, 0.3030, 0.1875,
        0.5806, 0.0909, 0.4118, 0.4839, 0.2353, 0.8372, 0.1875, 0.2973, 0.4231,
        0.9688, 0.7931, 0.2326, 0.3824, 0.7667, 0.4483, 0.0312, 0.1111],
       device='cuda:0')","tensor(0.3863, device='cuda:0')","tensor(0.4387, device='cuda:0')"
82,0.787865,0.629080,0.273522,0.131164,0.026873,2.522335,2.320168,0.527553,0.149412,"tensor(0.4047, device='cuda:0')","tensor([0.3611, 0.7692, 0.2000, 0.3784, 0.5250, 0.2857, 0.3103, 0.3030, 0.1875,
        0.5806, 0.0909, 0.4118, 0.4839, 0.2647, 0.8140, 0.2188, 0.2973, 0.4231,
        0.9688, 0.8276, 0.1628, 0.4118, 0.7333, 0.4483, 0.0312, 0.0370],
       device='cuda:0')","tensor(0.3754, device='cuda:0')","tensor(0.4443, device='cuda:0')"
83,0.786803,0.629050,0.270014,0.130487,0.026557,2.522741,2.320673,0.526681,0.149400,"tensor(0.4059, device='cuda:0')","tensor([0.3333, 0.7692, 0.2000, 0.3784, 0.5250, 0.3143, 0.3103, 0.3030, 0.1875,
        0.5806, 0.0909, 0.3824, 0.4839, 0.2647, 0.8372, 0.2500, 0.2973, 0.4231,
        0.9375, 0.7931, 0.1860, 0.3824, 0.7667, 0.4483, 0.0312, 0.0741],
       device='cuda:0')","tensor(0.3778, device='cuda:0')","tensor(0.4255, device='cuda:0')"
84,0.786782,0.629025,0.268001,0.130699,0.025776,2.519043,2.316800,0.528891,0.149354,"tensor(0.4106, device='cuda:0')","tensor([0.3333, 0.7692, 0.2000, 0.3784, 0.5250, 0.3429, 0.3103, 0.3030, 0.1875,
        0.6129, 0.0909, 0.3824, 0.4839, 0.2647, 0.8372, 0.2500, 0.2973, 0.4231,
        0.9688, 0.7931, 0.2093, 0.3824, 0.7667, 0.4483, 0.0312, 0.0741],
       device='cuda:0')","tensor(0.3824, device='cuda:0')","tensor(0.4268, device='cuda:0')"
85,0.786541,0.629004,0.266076,0.130671,0.025791,2.518213,2.315909,0.528509,0.149453,"tensor(0.4094, device='cuda:0')","tensor([0.3889, 0.7692, 0.2000, 0.3784, 0.5250, 0.2857, 0.3103, 0.3030, 0.1875,
        0.5484, 0.0909, 0.4118, 0.4839, 0.2647, 0.8372, 0.2812, 0.2973, 0.4231,
        0.9375, 0.7586, 0.2326, 0.3824, 0.7667, 0.4483, 0.0312, 0.0741],
       device='cuda:0')","tensor(0.3839, device='cuda:0')","tensor(0.4300, device='cuda:0')"
86,0.786389,0.628990,0.265400,0.130618,0.024206,2.522698,2.320534,0.528495,0.149314,"tensor(0.4129, device='cuda:0')","tensor([0.3889, 0.7692, 0.2000, 0.4054, 0.5500, 0.3143, 0.3103, 0.3030, 0.1875,
        0.5806, 0.0909, 0.3529, 0.4839, 0.2647, 0.8372, 0.2188, 0.2973, 0.4231,
        0.9688, 0.7931, 0.2326, 0.4118, 0.7333, 0.4483, 0.0312, 0.1111],
       device='cuda:0')","tensor(0.3853, device='cuda:0')","tensor(0.4377, device='cuda:0')"
87,0.786476,0.628987,0.267579,0.130514,0.021741,2.521156,2.319025,0.527987,0.149332,"tensor(0.4082, device='cuda:0')","tensor([0.3611, 0.7692, 0.2000, 0.3784, 0.5250, 0.3143, 0.3103, 0.3030, 0.1875,
        0.6129, 0.0606, 0.3824, 0.4839, 0.2353, 0.8372, 0.2188, 0.2973, 0.4231,
        0.9375, 0.7931, 0.2558, 0.3824, 0.7333, 0.4483, 0.0312, 0.1111],
       device='cuda:0')","tensor(0.3797, device='cuda:0')","tensor(0.4509, device='cuda:0')"
88,0.786515,0.628975,0.266292,0.130699,0.021178,2.520921,2.318678,0.527861,0.149457,"tensor(0.4153, device='cuda:0')","tensor([0.3611, 0.7692, 0.2000, 0.4054, 0.5500, 0.3143, 0.3103, 0.3030, 0.1875,
        0.6129, 0.0909, 0.3824, 0.4839, 0.2353, 0.8140, 0.2188, 0.2973, 0.4231,
        0.9375, 0.8276, 0.2558, 0.4412, 0.7667, 0.4483, 0.0312, 0.1111],
       device='cuda:0')","tensor(0.3873, device='cuda:0')","tensor(0.4383, device='cuda:0')"
89,0.786729,0.628968,0.265875,0.130963,0.021015,2.521416,2.319318,0.526865,0.149411,"tensor(0.4141, device='cuda:0')","tensor([0.3611, 0.7692, 0.2000, 0.4054, 0.5500, 0.3143, 0.3103, 0.3030, 0.2188,
        0.5806, 0.0909, 0.4118, 0.4839, 0.2647, 0.8372, 0.2188, 0.2973, 0.4231,
        0.9375, 0.8276, 0.2326, 0.3824, 0.7333, 0.4483, 0.0312, 0.1111],
       device='cuda:0')","tensor(0.3862, device='cuda:0')","tensor(0.4412, device='cuda:0')"
90,0.786349,0.628948,0.265258,0.130643,0.023214,2.521001,2.318881,0.526851,0.149435,"tensor(0.4094, device='cuda:0')","tensor([0.3611, 0.7692, 0.2000, 0.4054, 0.5500, 0.3143, 0.3103, 0.3030, 0.1875,
        0.5806, 0.0909, 0.3824, 0.4839, 0.2647, 0.8372, 0.2188, 0.2973, 0.4231,
        0.9375, 0.7931, 0.2326, 0.4118, 0.7000, 0.4483, 0.0312, 0.0741],
       device='cuda:0')","tensor(0.3804, device='cuda:0')","tensor(0.4507, device='cuda:0')"
91,0.786288,0.628936,0.265414,0.130581,0.023058,2.522182,2.319901,0.527725,0.149509,"tensor(0.4118, device='cuda:0')","tensor([0.3611, 0.7692, 0.2000, 0.3784, 0.5500, 0.2857, 0.3103, 0.3030, 0.1875,
        0.5806, 0.0909, 0.3824, 0.4839, 0.2647, 0.8140, 0.2812, 0.2973, 0.4231,
        0.9375, 0.8276, 0.2558, 0.3824, 0.7333, 0.4483, 0.0312, 0.1111],
       device='cuda:0')","tensor(0.3860, device='cuda:0')","tensor(0.4389, device='cuda:0')"
92,0.785648,0.628923,0.260869,0.130389,0.024923,2.521860,2.319443,0.529374,0.149480,"tensor(0.4094, device='cuda:0')","tensor([0.3611, 0.7692, 0.2000, 0.3784, 0.5500, 0.2857, 0.3103, 0.3030, 0.1875,
        0.5806, 0.0909, 0.3824, 0.4839, 0.2647, 0.8372, 0.2500, 0.2973, 0.4231,
        0.9375, 0.7931, 0.2326, 0.3824, 0.7333, 0.4483, 0.0312, 0.1111],
       device='cuda:0')","tensor(0.3823, device='cuda:0')","tensor(0.4320, device='cuda:0')"
93,0.785668,0.628924,0.259175,0.130588,0.023826,2.522788,2.320095,0.530353,0.149658,"tensor(0.4071, device='cuda:0')","tensor([0.3611, 0.7308, 0.2000, 0.3784, 0.5500, 0.2857, 0.3103, 0.3030, 0.1875,
        0.6129, 0.0909, 0.3824, 0.4839, 0.2647, 0.8140, 0.2500, 0.2973, 0.4231,
        0.9375, 0.7931, 0.2326, 0.3529, 0.7333, 0.4483, 0.0312, 0.1111],
       device='cuda:0')","tensor(0.3802, device='cuda:0')","tensor(0.4320, device='cuda:0')"
94,0.785752,0.628913,0.260077,0.130597,0.023401,2.522377,2.319820,0.529324,0.149625,"tensor(0.4094, device='cuda:0')","tensor([0.3611, 0.7308, 0.2000, 0.3784, 0.5500, 0.2857, 0.3103, 0.3030, 0.1875,
        0.5806, 0.0909, 0.3824, 0.4839, 0.2647, 0.8372, 0.2500, 0.2973, 0.4231,
        0.9375, 0.7931, 0.2791, 0.3824, 0.7000, 0.4483, 0.0312, 0.1111],
       device='cuda:0')","tensor(0.3832, device='cuda:0')","tensor(0.4353, device='cuda:0')"
95,0.786052,0.628927,0.260711,0.130822,0.023216,2.521097,2.318477,0.528970,0.149723,"tensor(0.4094, device='cuda:0')","tensor([0.3889, 0.7308, 0.2000, 0.4054, 0.5500, 0.2857, 0.3103, 0.3030, 0.1875,
        0.5806, 0.0909, 0.3824, 0.4839, 0.2647, 0.8140, 0.2812, 0.2973, 0.4231,
        0.9375, 0.7931, 0.2326, 0.3824, 0.7000, 0.4483, 0.0312, 0.1111],
       device='cuda:0')","tensor(0.3836, device='cuda:0')","tensor(0.4377, device='cuda:0')"
96,0.785874,0.628915,0.258943,0.130826,0.023890,2.521159,2.318484,0.529421,0.149733,"tensor(0.4082, device='cuda:0')","tensor([0.3333, 0.7308, 0.2000, 0.4054, 0.5500, 0.2857, 0.3103, 0.3030, 0.1875,
        0.5806, 0.0909, 0.3824, 0.4839, 0.2647, 0.8372, 0.2500, 0.2973, 0.4231,
        0.9375, 0.8276, 0.2326, 0.3824, 0.7000, 0.4483, 0.0312, 0.1111],
       device='cuda:0')","tensor(0.3811, device='cuda:0')","tensor(0.4358, device='cuda:0')"
97,0.785851,0.628918,0.258273,0.130867,0.023992,2.521644,2.319075,0.527737,0.149795,"tensor(0.4082, device='cuda:0')","tensor([0.3889, 0.7308, 0.2000, 0.3784, 0.5500, 0.2857, 0.3103, 0.3030, 0.1875,
        0.5806, 0.0909, 0.3824, 0.4839, 0.2647, 0.8140, 0.2812, 0.2973, 0.4231,
        0.9375, 0.7931, 0.2093, 0.4118, 0.7000, 0.4483, 0.0312, 0.1111],
       device='cuda:0')","tensor(0.3828, device='cuda:0')","tensor(0.4361, device='cuda:0')"
98,0.785686,0.628916,0.258578,0.130673,0.023958,2.521908,2.319540,0.527044,0.149664,"tensor(0.4118, device='cuda:0')","tensor([0.3889, 0.7692, 0.2000, 0.4054, 0.5500, 0.2857, 0.3103, 0.3030, 0.1875,
        0.5806, 0.0909, 0.3824, 0.4839, 0.2647, 0.8140, 0.2812, 0.2973, 0.4231,
        0.9375, 0.7931, 0.2326, 0.4118, 0.7000, 0.4483, 0.0312, 0.1111],
       device='cuda:0')","tensor(0.3862, device='cuda:0')","tensor(0.4396, device='cuda:0')"
99,0.786087,0.628912,0.261505,0.130786,0.023889,2.521835,2.319330,0.528544,0.149650,"tensor(0.4071, device='cuda:0')","tensor([0.3889, 0.7308, 0.2000, 0.3784, 0.5500, 0.2857, 0.3103, 0.3030, 0.1875,
        0.5806, 0.0909, 0.3824, 0.4839, 0.2647, 0.8140, 0.2500, 0.2973, 0.4231,
        0.9375, 0.7931, 0.2093, 0.4118, 0.7000, 0.4483, 0.0312, 0.1111],
       device='cuda:0')","tensor(0.3812, device='cuda:0')","tensor(0.4370, device='cuda:0')"
0,3.449738,3.253933,0.132388,0.182070,0.049638,3.455697,3.260841,0.178712,0.176985,"tensor(0.0306, device='cuda:0')","tensor([0.0000, 0.0000, 0.0000, 0.0000, 0.0000, 0.0000, 0.0000, 0.0000, 0.0000,
        0.0000, 0.0000, 0.0000, 0.0000, 0.0000, 0.0000, 0.0000, 0.0000, 0.0000,
        0.2188, 0.0000, 0.0000, 0.5588, 0.0000, 0.0000, 0.0000, 0.0000],
       device='cuda:0')","tensor(0.0052, device='cuda:0')","tensor(0.0030, device='cuda:0')"
1,3.441731,3.247514,0.128366,0.181208,0.017216,3.454537,3.260009,0.175384,0.176989,"tensor(0.0412, device='cuda:0')","tensor([0.0000, 0.0000, 0.0000, 0.0000, 0.0000, 0.0000, 0.0000, 0.0000, 0.0000,
        0.0000, 0.0000, 0.0000, 0.0000, 0.0000, 0.0000, 0.0000, 0.0000, 0.0000,
        0.9375, 0.0000, 0.0000, 0.0000, 0.1667, 0.0000, 0.0000, 0.0000],
       device='cuda:0')","tensor(0.0055, device='cuda:0')","tensor(0.0031, device='cuda:0')"
2,3.419732,3.228303,0.129140,0.178290,0.022473,3.454082,3.261248,0.188941,0.173940,"tensor(0.0376, device='cuda:0')","tensor([0., 0., 0., 0., 0., 0., 0., 0., 0., 0., 0., 0., 0., 0., 0., 0., 0., 0.,
        1., 0., 0., 0., 0., 0., 0., 0.], device='cuda:0')","tensor(0.0028, device='cuda:0')","tensor(0.0015, device='cuda:0')"
3,3.389799,3.202267,0.141935,0.172956,0.038245,3.458659,3.268174,0.206467,0.169838,"tensor(0.0376, device='cuda:0')","tensor([0., 0., 0., 0., 0., 0., 0., 0., 0., 0., 0., 0., 0., 0., 0., 0., 0., 0.,
        1., 0., 0., 0., 0., 0., 0., 0.], device='cuda:0')","tensor(0.0028, device='cuda:0')","tensor(0.0014, device='cuda:0')"
4,3.357691,3.175965,0.167390,0.164482,0.050475,3.469196,3.282611,0.238333,0.162751,"tensor(0.0376, device='cuda:0')","tensor([0., 0., 0., 0., 0., 0., 0., 0., 0., 0., 0., 0., 0., 0., 0., 0., 0., 0.,
        1., 0., 0., 0., 0., 0., 0., 0.], device='cuda:0')","tensor(0.0028, device='cuda:0')","tensor(0.0014, device='cuda:0')"
5,3.326184,3.152519,0.200109,0.153112,0.054259,3.484496,3.301613,0.250569,0.157826,"tensor(0.0376, device='cuda:0')","tensor([0., 0., 0., 0., 0., 0., 0., 0., 0., 0., 0., 0., 0., 0., 0., 0., 0., 0.,
        1., 0., 0., 0., 0., 0., 0., 0.], device='cuda:0')","tensor(0.0028, device='cuda:0')","tensor(0.0014, device='cuda:0')"
6,3.294426,3.130495,0.213848,0.142022,0.052456,3.489739,3.315525,0.269691,0.147245,"tensor(0.0388, device='cuda:0')","tensor([0.0000, 0.0000, 0.0000, 0.0000, 0.0000, 0.0000, 0.0000, 0.0000, 0.0000,
        0.0000, 0.0000, 0.0000, 0.0000, 0.0000, 0.0000, 0.0000, 0.0000, 0.0000,
        1.0000, 0.0000, 0.0000, 0.0000, 0.0333, 0.0000, 0.0000, 0.0000],
       device='cuda:0')","tensor(0.0048, device='cuda:0')","tensor(0.0063, device='cuda:0')"
7,3.259308,3.103342,0.224652,0.133070,0.043042,3.478707,3.311453,0.269411,0.140312,"tensor(0.0588, device='cuda:0')","tensor([0.0000, 0.0000, 0.0000, 0.0000, 0.0000, 0.0000, 0.0000, 0.0000, 0.0000,
        0.0000, 0.0000, 0.0000, 0.0000, 0.0000, 0.0000, 0.0000, 0.0000, 0.0000,
        1.0000, 0.0000, 0.0000, 0.0000, 0.6000, 0.0000, 0.0000, 0.0000],
       device='cuda:0')","tensor(0.0101, device='cuda:0')","tensor(0.0057, device='cuda:0')"
8,3.210581,3.062056,0.227726,0.125327,0.042561,3.446670,3.288091,0.271559,0.131424,"tensor(0.0624, device='cuda:0')","tensor([0.0000, 0.0000, 0.0000, 0.0000, 0.0000, 0.0000, 0.0000, 0.0000, 0.0000,
        0.0000, 0.0000, 0.0000, 0.0000, 0.0000, 0.0000, 0.0000, 0.0000, 0.0000,
        1.0000, 0.0000, 0.0000, 0.0000, 0.7000, 0.0000, 0.0000, 0.0000],
       device='cuda:0')","tensor(0.0090, device='cuda:0')","tensor(0.0049, device='cuda:0')"
9,3.143423,3.001228,0.231506,0.118646,0.039901,3.384562,3.233390,0.277693,0.123403,"tensor(0.0682, device='cuda:0')","tensor([0.0000, 0.0000, 0.0000, 0.0000, 0.0000, 0.0000, 0.0000, 0.0000, 0.0000,
        0.0000, 0.0000, 0.0000, 0.0000, 0.0000, 0.0000, 0.0000, 0.0000, 0.0000,
        1.0000, 0.0000, 0.0000, 0.0000, 0.8667, 0.0000, 0.0000, 0.0000],
       device='cuda:0')","tensor(0.0098, device='cuda:0')","tensor(0.0052, device='cuda:0')"
10,3.056071,2.917934,0.238416,0.113856,0.044021,3.310168,3.164335,0.294478,0.116385,"tensor(0.0706, device='cuda:0')","tensor([0.0000, 0.0000, 0.0000, 0.0000, 0.0000, 0.0000, 0.0000, 0.0000, 0.0000,
        0.0000, 0.0000, 0.0000, 0.0000, 0.0000, 0.0000, 0.0000, 0.0000, 0.0000,
        1.0000, 0.0000, 0.0000, 0.0000, 0.9333, 0.0000, 0.0000, 0.0000],
       device='cuda:0')","tensor(0.0110, device='cuda:0')","tensor(0.0060, device='cuda:0')"
11,2.944505,2.808489,0.250544,0.110533,0.042868,3.238315,3.095840,0.297233,0.112752,"tensor(0.0882, device='cuda:0')","tensor([0.0000, 0.0000, 0.0000, 0.0000, 0.0000, 0.0000, 0.0000, 0.0303, 0.0000,
        0.0000, 0.0000, 0.0000, 0.0000, 0.0000, 0.1860, 0.0000, 0.0000, 0.0000,
        1.0000, 0.1724, 0.0000, 0.0000, 0.9667, 0.0000, 0.0000, 0.0000],
       device='cuda:0')","tensor(0.0339, device='cuda:0')","tensor(0.0614, device='cuda:0')"
12,2.812712,2.676234,0.267888,0.109195,0.049511,3.175706,3.032546,0.312368,0.111923,"tensor(0.1235, device='cuda:0')","tensor([0.1111, 0.0000, 0.0000, 0.0000, 0.1750, 0.0000, 0.0345, 0.1515, 0.0000,
        0.0000, 0.0000, 0.0000, 0.0000, 0.0000, 0.5116, 0.0000, 0.0000, 0.0000,
        0.9688, 0.2069, 0.0000, 0.0000, 0.9667, 0.0000, 0.0000, 0.0000],
       device='cuda:0')","tensor(0.0717, device='cuda:0')","tensor(0.1370, device='cuda:0')"
13,2.656220,2.518580,0.281918,0.108812,0.063560,3.101861,2.954928,0.361087,0.110824,"tensor(0.1671, device='cuda:0')","tensor([0.1944, 0.0000, 0.0000, 0.0000, 0.5750, 0.0000, 0.0345, 0.2727, 0.0000,
        0.0000, 0.0000, 0.0294, 0.0000, 0.0000, 0.5814, 0.0000, 0.0000, 0.0385,
        0.9688, 0.5172, 0.0000, 0.0000, 0.9667, 0.0000, 0.0000, 0.0000],
       device='cuda:0')","tensor(0.0977, device='cuda:0')","tensor(0.1546, device='cuda:0')"
14,2.488839,2.345398,0.318988,0.110919,0.062303,3.050469,2.898769,0.409524,0.110747,"tensor(0.2094, device='cuda:0')","tensor([0.2222, 0.0000, 0.0000, 0.0000, 0.6250, 0.0000, 0.0690, 0.7273, 0.0625,
        0.0000, 0.0000, 0.0000, 0.0968, 0.0000, 0.6977, 0.0000, 0.0000, 0.1923,
        0.9688, 0.5172, 0.0000, 0.0000, 1.0000, 0.1034, 0.0000, 0.0000],
       device='cuda:0')","tensor(0.1304, device='cuda:0')","tensor(0.1830, device='cuda:0')"
15,2.307349,2.160386,0.345157,0.111687,0.076046,2.977881,2.817044,0.435119,0.117325,"tensor(0.1918, device='cuda:0')","tensor([0.2222, 0.0000, 0.0000, 0.0000, 0.5750, 0.0000, 0.0345, 0.4242, 0.1250,
        0.0000, 0.0000, 0.2059, 0.1290, 0.0000, 0.6047, 0.0000, 0.0000, 0.0769,
        1.0000, 0.2414, 0.0000, 0.0000, 0.9667, 0.2069, 0.0000, 0.0000],
       device='cuda:0')","tensor(0.1326, device='cuda:0')","tensor(0.2416, device='cuda:0')"
16,2.125821,1.972994,0.372721,0.114783,0.077197,2.917303,2.755518,0.444354,0.117350,"tensor(0.2176, device='cuda:0')","tensor([0.1667, 0.1154, 0.0000, 0.0541, 0.5250, 0.0000, 0.1034, 0.6970, 0.1562,
        0.0000, 0.0000, 0.0588, 0.1935, 0.0000, 0.5116, 0.0000, 0.0000, 0.4231,
        1.0000, 0.4483, 0.0000, 0.0000, 0.9667, 0.2414, 0.0000, 0.0000],
       device='cuda:0')","tensor(0.1606, device='cuda:0')","tensor(0.2514, device='cuda:0')"
17,1.942052,1.785237,0.397109,0.116047,0.105700,2.887429,2.713406,0.544783,0.119545,"tensor(0.2341, device='cuda:0')","tensor([0.1111, 0.0385, 0.0000, 0.0811, 0.3250, 0.0000, 0.1034, 0.5152, 0.1250,
        0.0968, 0.0000, 0.2941, 0.5484, 0.0000, 0.6047, 0.0000, 0.0000, 0.6538,
        1.0000, 0.4483, 0.0000, 0.0294, 0.9333, 0.2414, 0.0000, 0.0000],
       device='cuda:0')","tensor(0.1721, device='cuda:0')","tensor(0.2967, device='cuda:0')"
18,1.746784,1.581906,0.436656,0.120151,0.106142,2.896486,2.714623,0.562676,0.125596,"tensor(0.2282, device='cuda:0')","tensor([0.1667, 0.1923, 0.0000, 0.0000, 0.1500, 0.0000, 0.3793, 0.0909, 0.1875,
        0.0645, 0.0000, 0.7941, 0.3871, 0.0000, 0.2791, 0.0000, 0.0000, 0.5000,
        1.0000, 0.2414, 0.0000, 0.1765, 0.9667, 0.5862, 0.0000, 0.0000],
       device='cuda:0')","tensor(0.1709, device='cuda:0')","tensor(0.2630, device='cuda:0')"
19,1.543653,1.372198,0.469913,0.123171,0.129271,2.961821,2.775290,0.565379,0.129993,"tensor(0.2035, device='cuda:0')","tensor([0.0833, 0.3077, 0.0000, 0.0000, 0.1000, 0.0000, 0.3448, 0.2424, 0.0938,
        0.4839, 0.0000, 0.9412, 0.1613, 0.0000, 0.2326, 0.0000, 0.0000, 0.4231,
        1.0000, 0.0345, 0.0000, 0.0294, 0.5333, 0.4828, 0.0000, 0.0000],
       device='cuda:0')","tensor(0.1649, device='cuda:0')","tensor(0.2718, device='cuda:0')"
20,1.357839,1.185918,0.462924,0.124531,0.109728,3.015975,2.822969,0.566777,0.136329,"tensor(0.1871, device='cuda:0')","tensor([0.1111, 0.0769, 0.0000, 0.0000, 0.4250, 0.0000, 0.8966, 0.0909, 0.0000,
        0.9355, 0.0000, 0.4706, 0.0000, 0.0000, 0.0465, 0.0000, 0.0000, 0.0000,
        0.8750, 0.1724, 0.0000, 0.0882, 0.5333, 0.2759, 0.0000, 0.0000],
       device='cuda:0')","tensor(0.1411, device='cuda:0')","tensor(0.2252, device='cuda:0')"
21,1.206625,1.031347,0.467219,0.127427,0.112956,2.516401,2.325444,0.564112,0.134545,"tensor(0.3576, device='cuda:0')","tensor([0.5000, 0.1923, 0.0000, 0.2162, 0.4750, 0.4857, 0.0345, 0.1818, 0.3125,
        0.4194, 0.0606, 0.1471, 0.4839, 0.2353, 0.8605, 0.0938, 0.1892, 0.2308,
        0.9688, 0.7931, 0.5349, 0.4118, 0.9000, 0.2069, 0.0000, 0.0000],
       device='cuda:0')","tensor(0.3129, device='cuda:0')","tensor(0.4293, device='cuda:0')"
22,1.081554,0.904248,0.461098,0.129629,0.156817,2.483690,2.290183,0.549124,0.138595,"tensor(0.3800, device='cuda:0')","tensor([0.1389, 0.6154, 0.0000, 0.2162, 0.7500, 0.0286, 0.2759, 0.4545, 0.2500,
        0.5806, 0.0000, 0.2941, 0.5484, 0.0882, 0.6977, 0.2812, 0.1351, 0.6538,
        0.9688, 0.4483, 0.3721, 0.7353, 0.7333, 0.4828, 0.0000, 0.0741],
       device='cuda:0')","tensor(0.3287, device='cuda:0')","tensor(0.3596, device='cuda:0')"
23,0.993881,0.817848,0.440092,0.130874,0.115009,2.418525,2.226087,0.534140,0.139025,"tensor(0.3753, device='cuda:0')","tensor([0.4167, 0.3846, 0.0000, 0.1351, 0.6500, 0.4000, 0.3448, 0.2121, 0.3125,
        0.7419, 0.0000, 0.2353, 0.5161, 0.1176, 0.7209, 0.0938, 0.1622, 0.2692,
        0.9688, 0.7586, 0.3023, 0.6765, 0.7667, 0.3448, 0.0000, 0.0741],
       device='cuda:0')","tensor(0.3415, device='cuda:0')","tensor(0.4143, device='cuda:0')"
24,0.935494,0.761487,0.413936,0.131571,0.104271,2.368774,2.177638,0.502276,0.140909,"tensor(0.4082, device='cuda:0')","tensor([0.3611, 0.4615, 0.1200, 0.2432, 0.5000, 0.0286, 0.4483, 0.4545, 0.2812,
        0.6129, 0.0303, 0.3824, 0.5161, 0.1765, 0.7674, 0.3438, 0.2162, 0.5385,
        0.9688, 0.5517, 0.4884, 0.6471, 0.8333, 0.4138, 0.0000, 0.1481],
       device='cuda:0')","tensor(0.3777, device='cuda:0')","tensor(0.4217, device='cuda:0')"
25,0.897588,0.725712,0.386437,0.132227,0.100530,2.352019,2.159597,0.504038,0.142019,"tensor(0.4106, device='cuda:0')","tensor([0.3056, 0.5000, 0.1600, 0.2973, 0.5500, 0.2000, 0.4828, 0.3030, 0.2812,
        0.7097, 0.0303, 0.2941, 0.5161, 0.1765, 0.7209, 0.2812, 0.2703, 0.4615,
        0.9688, 0.5862, 0.5116, 0.6176, 0.7333, 0.4828, 0.0000, 0.1481],
       device='cuda:0')","tensor(0.3879, device='cuda:0')","tensor(0.4278, device='cuda:0')"
26,0.871640,0.701187,0.374442,0.132461,0.054856,2.399605,2.206679,0.490598,0.143867,"tensor(0.3894, device='cuda:0')","tensor([0.3056, 0.5385, 0.1600, 0.2703, 0.4750, 0.2000, 0.4483, 0.3030, 0.2812,
        0.7742, 0.0000, 0.2353, 0.4839, 0.1176, 0.8140, 0.1250, 0.2703, 0.4231,
        0.9688, 0.6207, 0.4186, 0.6471, 0.6667, 0.4138, 0.0000, 0.0741],
       device='cuda:0')","tensor(0.3613, device='cuda:0')","tensor(0.4156, device='cuda:0')"
27,0.854891,0.684957,0.357110,0.133729,0.049391,2.376879,2.182672,0.491073,0.145099,"tensor(0.4129, device='cuda:0')","tensor([0.3056, 0.5385, 0.2000, 0.2703, 0.5250, 0.1714, 0.4483, 0.3333, 0.2812,
        0.7419, 0.0303, 0.3529, 0.4839, 0.2059, 0.7442, 0.2188, 0.2162, 0.4615,
        0.9688, 0.6207, 0.5116, 0.6765, 0.7333, 0.4828, 0.0000, 0.1481],
       device='cuda:0')","tensor(0.3852, device='cuda:0')","tensor(0.4191, device='cuda:0')"
28,0.844164,0.673713,0.345383,0.135369,0.054373,2.408578,2.214026,0.485356,0.146016,"tensor(0.4000, device='cuda:0')","tensor([0.3333, 0.5000, 0.1600, 0.3243, 0.5250, 0.2286, 0.3448, 0.2424, 0.3125,
        0.7419, 0.0606, 0.3235, 0.4839, 0.1471, 0.7442, 0.1562, 0.2162, 0.4615,
        0.9688, 0.6897, 0.4419, 0.6176, 0.7667, 0.3793, 0.0000, 0.1481],
       device='cuda:0')","tensor(0.3724, device='cuda:0')","tensor(0.4208, device='cuda:0')"
29,0.836959,0.665847,0.343495,0.136229,0.053353,2.387727,2.193314,0.486127,0.145800,"tensor(0.4094, device='cuda:0')","tensor([0.3056, 0.5769, 0.3200, 0.2162, 0.4750, 0.2000, 0.4138, 0.3333, 0.2812,
        0.6774, 0.0606, 0.3529, 0.5161, 0.1765, 0.7442, 0.2188, 0.2162, 0.5000,
        0.9688, 0.6897, 0.4884, 0.6176, 0.7000, 0.4828, 0.0000, 0.1111],
       device='cuda:0')","tensor(0.3869, device='cuda:0')","tensor(0.4048, device='cuda:0')"
30,0.831194,0.660304,0.337441,0.136699,0.044755,2.403935,2.208920,0.486923,0.146322,"tensor(0.4035, device='cuda:0')","tensor([0.3611, 0.5000, 0.2400, 0.2162, 0.5000, 0.2000, 0.4828, 0.2727, 0.2812,
        0.7419, 0.0303, 0.3235, 0.4839, 0.2059, 0.7442, 0.1250, 0.2703, 0.3846,
        0.9688, 0.5862, 0.5349, 0.6471, 0.7000, 0.4483, 0.0000, 0.1481],
       device='cuda:0')","tensor(0.3751, device='cuda:0')","tensor(0.4146, device='cuda:0')"
31,0.824532,0.655642,0.329934,0.135386,0.051071,2.415876,2.219074,0.498133,0.146988,"tensor(0.3965, device='cuda:0')","tensor([0.3056, 0.5385, 0.2400, 0.2973, 0.5500, 0.2000, 0.4138, 0.3939, 0.2812,
        0.7097, 0.0303, 0.1765, 0.5161, 0.1765, 0.7674, 0.1250, 0.2162, 0.5000,
        0.9688, 0.6207, 0.4884, 0.5294, 0.6667, 0.3793, 0.0000, 0.1481],
       device='cuda:0')","tensor(0.3678, device='cuda:0')","tensor(0.4000, device='cuda:0')"
32,0.820942,0.652094,0.330503,0.135340,0.045742,2.430916,2.230968,0.503736,0.149574,"tensor(0.4012, device='cuda:0')","tensor([0.3333, 0.5385, 0.2800, 0.2703, 0.5000, 0.2000, 0.3793, 0.2727, 0.3125,
        0.7419, 0.0303, 0.2353, 0.5161, 0.1765, 0.7674, 0.1250, 0.2703, 0.4231,
        0.9688, 0.7241, 0.4651, 0.5588, 0.7667, 0.3793, 0.0000, 0.1481],
       device='cuda:0')","tensor(0.3751, device='cuda:0')","tensor(0.4234, device='cuda:0')"
33,0.820805,0.649279,0.332599,0.137877,0.038838,2.423000,2.222884,0.497909,0.150325,"tensor(0.3941, device='cuda:0')","tensor([0.3889, 0.5385, 0.2400, 0.2432, 0.5500, 0.1714, 0.4138, 0.3939, 0.3125,
        0.6452, 0.0303, 0.2353, 0.5161, 0.1765, 0.7209, 0.1250, 0.2162, 0.5385,
        0.9375, 0.5517, 0.4651, 0.6176, 0.7333, 0.3448, 0.0000, 0.0741],
       device='cuda:0')","tensor(0.3646, device='cuda:0')","tensor(0.3923, device='cuda:0')"
34,0.819091,0.646997,0.330261,0.138649,0.041778,2.428239,2.229198,0.500046,0.149036,"tensor(0.4035, device='cuda:0')","tensor([0.3611, 0.5385, 0.2800, 0.2162, 0.5250, 0.1714, 0.4483, 0.3636, 0.2500,
        0.6774, 0.0606, 0.2647, 0.5161, 0.2353, 0.7442, 0.1875, 0.2162, 0.4615,
        0.9688, 0.5862, 0.4651, 0.6471, 0.7333, 0.4138, 0.0000, 0.1111],
       device='cuda:0')","tensor(0.3772, device='cuda:0')","tensor(0.4058, device='cuda:0')"
35,0.816931,0.644980,0.326745,0.138890,0.038665,2.435916,2.236618,0.504036,0.148895,"tensor(0.3953, device='cuda:0')","tensor([0.2778, 0.5385, 0.2400, 0.2703, 0.4500, 0.1714, 0.4483, 0.3939, 0.3125,
        0.6774, 0.0606, 0.2353, 0.5161, 0.2059, 0.7209, 0.0938, 0.2162, 0.5385,
        0.9688, 0.5172, 0.5116, 0.6471, 0.7667, 0.4138, 0.0000, 0.0370],
       device='cuda:0')","tensor(0.3654, device='cuda:0')","tensor(0.3957, device='cuda:0')"
36,0.816115,0.643523,0.329572,0.139202,0.043203,2.448410,2.248353,0.500288,0.150029,"tensor(0.3988, device='cuda:0')","tensor([0.3889, 0.5385, 0.2400, 0.2973, 0.5250, 0.1714, 0.3793, 0.3030, 0.3125,
        0.6774, 0.0606, 0.2941, 0.5161, 0.1765, 0.7442, 0.1250, 0.2162, 0.4615,
        0.9688, 0.6897, 0.4419, 0.5588, 0.7667, 0.3448, 0.0000, 0.1111],
       device='cuda:0')","tensor(0.3714, device='cuda:0')","tensor(0.4054, device='cuda:0')"
37,0.814297,0.642025,0.324806,0.139326,0.046521,2.463822,2.262482,0.509431,0.150397,"tensor(0.3894, device='cuda:0')","tensor([0.3611, 0.5385, 0.2800, 0.2162, 0.4750, 0.1429, 0.3793, 0.2727, 0.3125,
        0.6774, 0.0606, 0.2941, 0.4839, 0.1765, 0.7674, 0.0625, 0.1892, 0.4231,
        0.9375, 0.6207, 0.5349, 0.6176, 0.7333, 0.3793, 0.0000, 0.1111],
       device='cuda:0')","tensor(0.3602, device='cuda:0')","tensor(0.4073, device='cuda:0')"
38,0.812263,0.640807,0.319236,0.139245,0.028697,2.443943,2.243993,0.495590,0.150391,"tensor(0.4012, device='cuda:0')","tensor([0.4167, 0.5385, 0.2800, 0.2703, 0.5000, 0.1429, 0.3793, 0.4242, 0.3125,
        0.6774, 0.0606, 0.2353, 0.4839, 0.2353, 0.7907, 0.0938, 0.1892, 0.5000,
        0.9375, 0.5862, 0.4651, 0.5882, 0.7333, 0.4138, 0.0000, 0.1111],
       device='cuda:0')","tensor(0.3739, device='cuda:0')","tensor(0.4047, device='cuda:0')"
39,0.811610,0.639611,0.320652,0.139620,0.031397,2.466466,2.265237,0.502558,0.150973,"tensor(0.4000, device='cuda:0')","tensor([0.3056, 0.5385, 0.2800, 0.3514, 0.4750, 0.2571, 0.4483, 0.3333, 0.2812,
        0.6774, 0.0606, 0.2647, 0.4839, 0.1471, 0.7674, 0.0938, 0.2432, 0.5000,
        0.9375, 0.7241, 0.4419, 0.5882, 0.7333, 0.3793, 0.0000, 0.0370],
       device='cuda:0')","tensor(0.3755, device='cuda:0')","tensor(0.4135, device='cuda:0')"
40,0.810423,0.638678,0.319218,0.139519,0.030402,2.456803,2.255131,0.509099,0.150762,"tensor(0.3976, device='cuda:0')","tensor([0.3056, 0.5385, 0.2400, 0.3514, 0.4500, 0.1714, 0.3793, 0.4242, 0.3125,
        0.6774, 0.0606, 0.2353, 0.5161, 0.2059, 0.7674, 0.0625, 0.1892, 0.5385,
        0.9688, 0.6897, 0.4419, 0.5882, 0.7333, 0.3448, 0.0000, 0.1111],
       device='cuda:0')","tensor(0.3685, device='cuda:0')","tensor(0.4040, device='cuda:0')"
41,0.809125,0.637763,0.316980,0.139339,0.032584,2.469020,2.265006,0.531562,0.150858,"tensor(0.4035, device='cuda:0')","tensor([0.4167, 0.5385, 0.2800, 0.2973, 0.4750, 0.1714, 0.4138, 0.3333, 0.3125,
        0.6774, 0.0606, 0.3235, 0.4839, 0.2059, 0.7674, 0.0625, 0.2162, 0.5000,
        0.9375, 0.6207, 0.4419, 0.6471, 0.7667, 0.4138, 0.0000, 0.0741],
       device='cuda:0')","tensor(0.3754, device='cuda:0')","tensor(0.4080, device='cuda:0')"
42,0.808449,0.636833,0.316247,0.139685,0.030648,2.474005,2.270882,0.516027,0.151520,"tensor(0.3976, device='cuda:0')","tensor([0.3056, 0.5385, 0.2400, 0.2973, 0.4750, 0.1429, 0.4483, 0.3939, 0.3125,
        0.6452, 0.0303, 0.2647, 0.5161, 0.1471, 0.7907, 0.0625, 0.2703, 0.5000,
        0.9375, 0.6207, 0.4186, 0.6471, 0.7667, 0.4138, 0.0000, 0.1111],
       device='cuda:0')","tensor(0.3701, device='cuda:0')","tensor(0.3945, device='cuda:0')"
43,0.807616,0.636153,0.316522,0.139497,0.031352,2.474981,2.272713,0.507427,0.151525,"tensor(0.4000, device='cuda:0')","tensor([0.3333, 0.5385, 0.2800, 0.2973, 0.4500, 0.2571, 0.3793, 0.3939, 0.3125,
        0.6452, 0.0606, 0.2647, 0.5161, 0.1471, 0.7674, 0.0625, 0.3243, 0.5000,
        0.9375, 0.6552, 0.4419, 0.5588, 0.7333, 0.4138, 0.0000, 0.0741],
       device='cuda:0')","tensor(0.3751, device='cuda:0')","tensor(0.4016, device='cuda:0')"
44,0.806775,0.635499,0.311306,0.139876,0.026915,2.473946,2.270306,0.518274,0.151812,"tensor(0.3988, device='cuda:0')","tensor([0.2778, 0.5385, 0.2800, 0.3243, 0.4500, 0.2000, 0.4138, 0.3939, 0.2812,
        0.6774, 0.0606, 0.3235, 0.4839, 0.1765, 0.7442, 0.1250, 0.2432, 0.5000,
        0.9375, 0.6552, 0.4884, 0.5588, 0.7667, 0.3448, 0.0000, 0.0741],
       device='cuda:0')","tensor(0.3728, device='cuda:0')","tensor(0.4088, device='cuda:0')"
45,0.805485,0.634982,0.309681,0.139268,0.026704,2.485767,2.281633,0.517723,0.152361,"tensor(0.3894, device='cuda:0')","tensor([0.3056, 0.5769, 0.2800, 0.2973, 0.4750, 0.2000, 0.3793, 0.3939, 0.2812,
        0.6774, 0.0303, 0.2941, 0.5161, 0.1765, 0.7674, 0.0938, 0.2162, 0.5000,
        0.9375, 0.5862, 0.3953, 0.5294, 0.7667, 0.3103, 0.0000, 0.1111],
       device='cuda:0')","tensor(0.3632, device='cuda:0')","tensor(0.3993, device='cuda:0')"
46,0.805079,0.634541,0.307058,0.139578,0.025454,2.469486,2.266149,0.513037,0.152033,"tensor(0.3988, device='cuda:0')","tensor([0.2778, 0.5769, 0.2400, 0.2703, 0.5250, 0.2000, 0.4138, 0.3636, 0.3125,
        0.6452, 0.0606, 0.3235, 0.4839, 0.1765, 0.7674, 0.0938, 0.1892, 0.3846,
        0.9688, 0.6897, 0.4884, 0.6176, 0.7667, 0.3793, 0.0000, 0.0741],
       device='cuda:0')","tensor(0.3685, device='cuda:0')","tensor(0.4010, device='cuda:0')"
47,0.803726,0.633967,0.303466,0.139131,0.028081,2.488707,2.284545,0.519756,0.152186,"tensor(0.3941, device='cuda:0')","tensor([0.3056, 0.5769, 0.2400, 0.2973, 0.5000, 0.1714, 0.3793, 0.3636, 0.3125,
        0.6452, 0.0303, 0.2941, 0.4516, 0.1471, 0.7907, 0.0625, 0.1622, 0.5769,
        0.9375, 0.6897, 0.4651, 0.6471, 0.8000, 0.3103, 0.0000, 0.0370],
       device='cuda:0')","tensor(0.3585, device='cuda:0')","tensor(0.3881, device='cuda:0')"
48,0.801328,0.633553,0.301603,0.137326,0.028868,2.473024,2.270495,0.513878,0.151141,"tensor(0.4153, device='cuda:0')","tensor([0.3333, 0.6154, 0.2800, 0.2973, 0.5250, 0.1429, 0.4483, 0.3939, 0.3125,
        0.6452, 0.0606, 0.3824, 0.5161, 0.1471, 0.7674, 0.1250, 0.2162, 0.5000,
        0.9375, 0.7241, 0.4884, 0.6176, 0.7333, 0.4828, 0.0000, 0.0741],
       device='cuda:0')","tensor(0.3879, device='cuda:0')","tensor(0.4151, device='cuda:0')"
49,0.798128,0.633173,0.302634,0.134317,0.037551,2.487219,2.283006,0.520763,0.152137,"tensor(0.4035, device='cuda:0')","tensor([0.3333, 0.5385, 0.2800, 0.2703, 0.4500, 0.2000, 0.3793, 0.3636, 0.3125,
        0.6129, 0.0606, 0.4118, 0.4839, 0.1765, 0.7674, 0.0625, 0.2432, 0.5000,
        0.9375, 0.6897, 0.5116, 0.6176, 0.7667, 0.3793, 0.0000, 0.0741],
       device='cuda:0')","tensor(0.3774, device='cuda:0')","tensor(0.4084, device='cuda:0')"
50,0.800415,0.632851,0.305084,0.136791,0.026535,2.480947,2.276828,0.510243,0.153095,"tensor(0.4012, device='cuda:0')","tensor([0.3333, 0.5769, 0.2800, 0.2973, 0.4500, 0.1714, 0.3793, 0.3636, 0.3125,
        0.6452, 0.0606, 0.3529, 0.4839, 0.1471, 0.7674, 0.0625, 0.2162, 0.5385,
        0.9375, 0.6552, 0.5116, 0.5882, 0.7667, 0.4138, 0.0000, 0.0741],
       device='cuda:0')","tensor(0.3722, device='cuda:0')","tensor(0.3947, device='cuda:0')"
51,0.798774,0.632477,0.300248,0.136018,0.025444,2.484402,2.279500,0.525142,0.152388,"tensor(0.4141, device='cuda:0')","tensor([0.3333, 0.5769, 0.2800, 0.3243, 0.5000, 0.2286, 0.4483, 0.4242, 0.2812,
        0.6452, 0.0606, 0.3235, 0.4839, 0.1765, 0.7907, 0.0938, 0.2162, 0.5000,
        0.9375, 0.6897, 0.4884, 0.6471, 0.7667, 0.4483, 0.0000, 0.0370],
       device='cuda:0')","tensor(0.3832, device='cuda:0')","tensor(0.4065, device='cuda:0')"
52,0.798422,0.632216,0.297714,0.136196,0.023918,2.483789,2.277376,0.522538,0.154159,"tensor(0.4035, device='cuda:0')","tensor([0.3056, 0.5769, 0.2800, 0.3243, 0.4500, 0.2857, 0.3793, 0.3636, 0.3125,
        0.6452, 0.0606, 0.3235, 0.4516, 0.1765, 0.7907, 0.0938, 0.2432, 0.4231,
        0.9375, 0.6552, 0.4651, 0.6176, 0.8000, 0.3793, 0.0000, 0.0741],
       device='cuda:0')","tensor(0.3733, device='cuda:0')","tensor(0.4065, device='cuda:0')"
53,0.799028,0.631915,0.297312,0.137162,0.021947,2.483557,2.277590,0.521480,0.153819,"tensor(0.4118, device='cuda:0')","tensor([0.2778, 0.6154, 0.2400, 0.2973, 0.4750, 0.2571, 0.4138, 0.4242, 0.3125,
        0.6452, 0.0606, 0.3235, 0.4516, 0.1471, 0.7907, 0.0938, 0.2973, 0.5385,
        0.9375, 0.6552, 0.4884, 0.6176, 0.7667, 0.4483, 0.0000, 0.0741],
       device='cuda:0')","tensor(0.3843, device='cuda:0')","tensor(0.4072, device='cuda:0')"
54,0.800331,0.631645,0.298628,0.138607,0.021623,2.491446,2.286477,0.512316,0.153738,"tensor(0.3953, device='cuda:0')","tensor([0.2778, 0.5769, 0.2800, 0.3243, 0.4250, 0.2286, 0.4828, 0.3636, 0.3125,
        0.5806, 0.0606, 0.3529, 0.4516, 0.1471, 0.7907, 0.0625, 0.2162, 0.4231,
        0.9375, 0.6207, 0.4419, 0.6471, 0.7667, 0.3793, 0.0000, 0.0741],
       device='cuda:0')","tensor(0.3686, device='cuda:0')","tensor(0.3988, device='cuda:0')"
55,0.800059,0.631396,0.297313,0.138722,0.020979,2.489638,2.285215,0.509414,0.153482,"tensor(0.4012, device='cuda:0')","tensor([0.3056, 0.5769, 0.2800, 0.3243, 0.4500, 0.2857, 0.3793, 0.3636, 0.3125,
        0.6129, 0.0606, 0.3529, 0.4839, 0.1471, 0.7674, 0.0938, 0.2162, 0.4615,
        0.9375, 0.6897, 0.4419, 0.5882, 0.7667, 0.4138, 0.0000, 0.0741],
       device='cuda:0')","tensor(0.3737, device='cuda:0')","tensor(0.4001, device='cuda:0')"
56,0.799310,0.631127,0.291338,0.138839,0.021013,2.500443,2.296047,0.509677,0.153428,"tensor(0.3965, device='cuda:0')","tensor([0.3056, 0.5769, 0.2800, 0.3514, 0.4250, 0.2286, 0.3793, 0.3333, 0.2812,
        0.6452, 0.0606, 0.3235, 0.4839, 0.1471, 0.7907, 0.0625, 0.2162, 0.4615,
        0.9375, 0.6552, 0.4419, 0.5882, 0.8000, 0.3793, 0.0000, 0.1111],
       device='cuda:0')","tensor(0.3688, device='cuda:0')","tensor(0.3992, device='cuda:0')"
57,0.798840,0.630960,0.289090,0.138778,0.019258,2.488641,2.283579,0.510553,0.154006,"tensor(0.4024, device='cuda:0')","tensor([0.3056, 0.5385, 0.2400, 0.3514, 0.4500, 0.2286, 0.3793, 0.3333, 0.3125,
        0.6452, 0.0606, 0.3529, 0.4839, 0.1765, 0.7907, 0.0938, 0.2162, 0.5000,
        0.9375, 0.6897, 0.4651, 0.6176, 0.7333, 0.3793, 0.0000, 0.1111],
       device='cuda:0')","tensor(0.3753, device='cuda:0')","tensor(0.3984, device='cuda:0')"
58,0.798013,0.630773,0.283837,0.138671,0.018552,2.500298,2.294960,0.515816,0.153756,"tensor(0.4024, device='cuda:0')","tensor([0.3056, 0.5769, 0.2400, 0.3514, 0.5000, 0.2286, 0.3793, 0.3636, 0.2812,
        0.6452, 0.0606, 0.3529, 0.4839, 0.1471, 0.7907, 0.0938, 0.2162, 0.5000,
        0.9375, 0.6897, 0.4419, 0.5882, 0.7667, 0.3448, 0.0000, 0.1111],
       device='cuda:0')","tensor(0.3743, device='cuda:0')","tensor(0.3991, device='cuda:0')"
59,0.798673,0.630653,0.287474,0.139099,0.017333,2.491949,2.286377,0.513995,0.154173,"tensor(0.4059, device='cuda:0')","tensor([0.3056, 0.6154, 0.2800, 0.3514, 0.5000, 0.2286, 0.3793, 0.3030, 0.2812,
        0.6129, 0.0606, 0.3235, 0.4839, 0.1471, 0.7907, 0.0938, 0.2162, 0.5000,
        0.9375, 0.7586, 0.4419, 0.5882, 0.7667, 0.4828, 0.0000, 0.0741],
       device='cuda:0')","tensor(0.3769, device='cuda:0')","tensor(0.3987, device='cuda:0')"
60,0.797744,0.630517,0.286388,0.138412,0.017641,2.503049,2.297312,0.515455,0.154191,"tensor(0.4059, device='cuda:0')","tensor([0.3056, 0.6154, 0.2000, 0.3514, 0.4500, 0.2286, 0.4483, 0.3333, 0.2812,
        0.6452, 0.0606, 0.3235, 0.4839, 0.1471, 0.7907, 0.0938, 0.2432, 0.5000,
        0.9375, 0.6897, 0.4419, 0.6176, 0.7667, 0.4483, 0.0000, 0.1111],
       device='cuda:0')","tensor(0.3779, device='cuda:0')","tensor(0.3991, device='cuda:0')"
61,0.795630,0.630290,0.283782,0.136735,0.022730,2.500652,2.296003,0.516391,0.153010,"tensor(0.4047, device='cuda:0')","tensor([0.3056, 0.6154, 0.2400, 0.3243, 0.4250, 0.2571, 0.4138, 0.3939, 0.2812,
        0.6129, 0.0606, 0.3529, 0.4839, 0.1471, 0.7674, 0.0938, 0.2162, 0.4615,
        0.9375, 0.7241, 0.4651, 0.6176, 0.7667, 0.3793, 0.0000, 0.1481],
       device='cuda:0')","tensor(0.3764, device='cuda:0')","tensor(0.4057, device='cuda:0')"
62,0.793553,0.630139,0.287388,0.134402,0.027327,2.497270,2.293522,0.514933,0.152255,"tensor(0.4082, device='cuda:0')","tensor([0.3056, 0.5769, 0.2000, 0.4054, 0.5000, 0.2571, 0.3793, 0.3939, 0.2812,
        0.6452, 0.0606, 0.3529, 0.4839, 0.1471, 0.7674, 0.0938, 0.2432, 0.4231,
        0.9375, 0.7241, 0.4651, 0.5882, 0.7333, 0.4138, 0.0000, 0.1481],
       device='cuda:0')","tensor(0.3797, device='cuda:0')","tensor(0.4078, device='cuda:0')"
63,0.792166,0.630008,0.286457,0.133197,0.031498,2.500199,2.294265,0.524342,0.153499,"tensor(0.4059, device='cuda:0')","tensor([0.3056, 0.5769, 0.2400, 0.3514, 0.5000, 0.2000, 0.3793, 0.3939, 0.2500,
        0.6452, 0.0606, 0.3235, 0.4839, 0.1176, 0.7907, 0.0938, 0.2162, 0.5000,
        0.9375, 0.6897, 0.4651, 0.6176, 0.8000, 0.4138, 0.0000, 0.1481],
       device='cuda:0')","tensor(0.3773, device='cuda:0')","tensor(0.4021, device='cuda:0')"
64,0.794854,0.629889,0.286806,0.136126,0.015762,2.509407,2.302116,0.524257,0.154866,"tensor(0.3965, device='cuda:0')","tensor([0.3056, 0.5769, 0.2400, 0.2973, 0.4500, 0.2571, 0.3448, 0.2727, 0.2500,
        0.6452, 0.0606, 0.3824, 0.4839, 0.1471, 0.7674, 0.0938, 0.2162, 0.4615,
        0.9375, 0.7241, 0.4651, 0.6176, 0.7667, 0.4138, 0.0000, 0.0741],
       device='cuda:0')","tensor(0.3677, device='cuda:0')","tensor(0.3866, device='cuda:0')"
65,0.794733,0.629793,0.284032,0.136380,0.015758,2.502555,2.295873,0.523845,0.154297,"tensor(0.4082, device='cuda:0')","tensor([0.3056, 0.5769, 0.2400, 0.3243, 0.5000, 0.2286, 0.3793, 0.3030, 0.2812,
        0.6129, 0.0606, 0.4118, 0.4839, 0.1471, 0.7907, 0.0938, 0.2162, 0.4615,
        0.9375, 0.7241, 0.4884, 0.6176, 0.8000, 0.4138, 0.0000, 0.1481],
       device='cuda:0')","tensor(0.3808, device='cuda:0')","tensor(0.4124, device='cuda:0')"
66,0.795408,0.629691,0.282282,0.137338,0.015060,2.503548,2.297284,0.519754,0.154288,"tensor(0.4094, device='cuda:0')","tensor([0.2778, 0.6154, 0.2400, 0.3784, 0.4750, 0.2286, 0.3448, 0.3636, 0.2812,
        0.6774, 0.0606, 0.3529, 0.4839, 0.1471, 0.7442, 0.1250, 0.2703, 0.5000,
        0.9375, 0.7241, 0.4651, 0.5882, 0.7667, 0.4138, 0.0000, 0.1481],
       device='cuda:0')","tensor(0.3826, device='cuda:0')","tensor(0.4097, device='cuda:0')"
67,0.794549,0.629562,0.279732,0.136868,0.014666,2.510396,2.303637,0.525786,0.154181,"tensor(0.4153, device='cuda:0')","tensor([0.3056, 0.6154, 0.2400, 0.3514, 0.5000, 0.2286, 0.3448, 0.3939, 0.2812,
        0.6774, 0.0606, 0.4706, 0.4839, 0.1471, 0.7907, 0.1250, 0.2162, 0.5000,
        0.9375, 0.7241, 0.4651, 0.5882, 0.7333, 0.4138, 0.0000, 0.1481],
       device='cuda:0')","tensor(0.3871, device='cuda:0')","tensor(0.4154, device='cuda:0')"
68,0.794879,0.629509,0.278897,0.137334,0.014620,2.505253,2.298597,0.522197,0.154436,"tensor(0.4141, device='cuda:0')","tensor([0.2778, 0.5385, 0.2000, 0.3514, 0.5000, 0.2000, 0.4138, 0.4242, 0.2812,
        0.6774, 0.0606, 0.4706, 0.4839, 0.1176, 0.7907, 0.1250, 0.2162, 0.5000,
        0.9375, 0.6897, 0.4419, 0.6176, 0.8000, 0.4483, 0.0000, 0.1481],
       device='cuda:0')","tensor(0.3878, device='cuda:0')","tensor(0.4170, device='cuda:0')"
69,0.794527,0.629413,0.276188,0.137352,0.014337,2.505286,2.298221,0.525881,0.154477,"tensor(0.4094, device='cuda:0')","tensor([0.3056, 0.6154, 0.2000, 0.3243, 0.4750, 0.2286, 0.3448, 0.3939, 0.2812,
        0.6774, 0.0606, 0.5000, 0.4839, 0.1176, 0.7907, 0.1250, 0.2162, 0.5000,
        0.9375, 0.6897, 0.4186, 0.5882, 0.7667, 0.4483, 0.0000, 0.1111],
       device='cuda:0')","tensor(0.3808, device='cuda:0')","tensor(0.4011, device='cuda:0')"
70,0.794296,0.629351,0.275656,0.137237,0.014270,2.516351,2.308720,0.526157,0.155015,"tensor(0.4035, device='cuda:0')","tensor([0.2778, 0.5769, 0.1600, 0.3514, 0.4500, 0.2571, 0.3448, 0.3636, 0.2500,
        0.6452, 0.0606, 0.4118, 0.4839, 0.1176, 0.7907, 0.0938, 0.2703, 0.5000,
        0.9375, 0.7241, 0.4651, 0.5882, 0.7667, 0.4138, 0.0000, 0.1111],
       device='cuda:0')","tensor(0.3743, device='cuda:0')","tensor(0.3976, device='cuda:0')"
71,0.794690,0.629273,0.276875,0.137588,0.014172,2.512960,2.305933,0.521128,0.154914,"tensor(0.4165, device='cuda:0')","tensor([0.2778, 0.6154, 0.1600, 0.3243, 0.4500, 0.2286, 0.3448, 0.3939, 0.3125,
        0.6774, 0.0606, 0.4412, 0.4839, 0.1471, 0.8372, 0.0938, 0.2703, 0.5000,
        0.9375, 0.7241, 0.4419, 0.6765, 0.7667, 0.4483, 0.0000, 0.1481],
       device='cuda:0')","tensor(0.3864, device='cuda:0')","tensor(0.4114, device='cuda:0')"
72,0.794515,0.629209,0.277287,0.137441,0.013655,2.512838,2.305049,0.526913,0.155099,"tensor(0.4118, device='cuda:0')","tensor([0.3333, 0.6154, 0.1600, 0.3514, 0.4500, 0.2286, 0.3448, 0.3939, 0.2812,
        0.6774, 0.0606, 0.4706, 0.4839, 0.1176, 0.8140, 0.0625, 0.2162, 0.4615,
        0.9375, 0.7241, 0.4419, 0.6471, 0.7667, 0.4138, 0.0000, 0.1852],
       device='cuda:0')","tensor(0.3813, device='cuda:0')","tensor(0.4079, device='cuda:0')"
73,0.793382,0.629161,0.269709,0.137115,0.013467,2.510221,2.302927,0.523115,0.154982,"tensor(0.4047, device='cuda:0')","tensor([0.2778, 0.5769, 0.1600, 0.3514, 0.4500, 0.2286, 0.3448, 0.3939, 0.3125,
        0.6452, 0.0606, 0.4118, 0.4839, 0.1176, 0.7907, 0.1250, 0.2432, 0.5000,
        0.9375, 0.7241, 0.3953, 0.5882, 0.7667, 0.4483, 0.0000, 0.1481],
       device='cuda:0')","tensor(0.3790, device='cuda:0')","tensor(0.4068, device='cuda:0')"
74,0.793730,0.629103,0.271256,0.137368,0.013331,2.509315,2.301622,0.525880,0.155105,"tensor(0.4129, device='cuda:0')","tensor([0.3333, 0.5769, 0.1600, 0.3243, 0.4750, 0.2286, 0.3793, 0.4242, 0.2812,
        0.6774, 0.0606, 0.4412, 0.4839, 0.1176, 0.7674, 0.1250, 0.2703, 0.5000,
        0.9375, 0.6897, 0.4419, 0.6176, 0.7333, 0.4828, 0.0000, 0.1481],
       device='cuda:0')","tensor(0.3862, device='cuda:0')","tensor(0.4136, device='cuda:0')"
75,0.793495,0.629041,0.271103,0.137214,0.012974,2.516384,2.308873,0.524991,0.155012,"tensor(0.4035, device='cuda:0')","tensor([0.3333, 0.6154, 0.2000, 0.3243, 0.4500, 0.2286, 0.3793, 0.3636, 0.3125,
        0.6452, 0.0606, 0.3824, 0.4839, 0.1176, 0.7674, 0.0938, 0.2432, 0.5000,
        0.9375, 0.7241, 0.4651, 0.5294, 0.7333, 0.4828, 0.0000, 0.0741],
       device='cuda:0')","tensor(0.3756, device='cuda:0')","tensor(0.4070, device='cuda:0')"
76,0.793566,0.629005,0.269731,0.137450,0.013860,2.516645,2.308855,0.526983,0.155092,"tensor(0.4059, device='cuda:0')","tensor([0.3611, 0.5769, 0.1600, 0.3243, 0.4750, 0.2286, 0.3448, 0.3636, 0.2812,
        0.6452, 0.0606, 0.4118, 0.4839, 0.1176, 0.7907, 0.0625, 0.2162, 0.5000,
        0.9375, 0.7241, 0.4884, 0.5882, 0.7333, 0.4828, 0.0000, 0.1111],
       device='cuda:0')","tensor(0.3759, device='cuda:0')","tensor(0.4006, device='cuda:0')"
77,0.793458,0.628952,0.271678,0.137210,0.012751,2.511857,2.304133,0.524576,0.155266,"tensor(0.4106, device='cuda:0')","tensor([0.3333, 0.6154, 0.2000, 0.3514, 0.4250, 0.2286, 0.3448, 0.3636, 0.3125,
        0.6452, 0.0909, 0.4412, 0.4839, 0.1176, 0.7907, 0.0938, 0.2162, 0.4615,
        0.9375, 0.7241, 0.4884, 0.5882, 0.7333, 0.4828, 0.0000, 0.1481],
       device='cuda:0')","tensor(0.3847, device='cuda:0')","tensor(0.4141, device='cuda:0')"
78,0.792614,0.628903,0.265922,0.136987,0.013121,2.518759,2.310590,0.526608,0.155508,"tensor(0.4118, device='cuda:0')","tensor([0.3333, 0.6154, 0.2000, 0.3514, 0.4250, 0.2286, 0.3448, 0.3939, 0.3125,
        0.6452, 0.0606, 0.4412, 0.4839, 0.1176, 0.8140, 0.0938, 0.2432, 0.5000,
        0.9375, 0.7241, 0.4651, 0.5882, 0.7333, 0.4483, 0.0000, 0.1481],
       device='cuda:0')","tensor(0.3850, device='cuda:0')","tensor(0.4139, device='cuda:0')"
79,0.792556,0.628873,0.267350,0.136821,0.012766,2.517436,2.309025,0.527255,0.155686,"tensor(0.4141, device='cuda:0')","tensor([0.3056, 0.5769, 0.2000, 0.3514, 0.4500, 0.2286, 0.4138, 0.3939, 0.3125,
        0.6452, 0.0606, 0.4412, 0.4839, 0.1176, 0.8140, 0.1250, 0.2432, 0.5000,
        0.9375, 0.6552, 0.4651, 0.6176, 0.7333, 0.4828, 0.0000, 0.1481],
       device='cuda:0')","tensor(0.3866, device='cuda:0')","tensor(0.4161, device='cuda:0')"
80,0.792772,0.628858,0.266266,0.137164,0.012309,2.515118,2.306830,0.526454,0.155642,"tensor(0.4129, device='cuda:0')","tensor([0.3056, 0.5769, 0.2000, 0.3784, 0.4500, 0.2286, 0.3793, 0.3939, 0.3125,
        0.6452, 0.0909, 0.4118, 0.4839, 0.1471, 0.7907, 0.0938, 0.2162, 0.5000,
        0.9375, 0.6897, 0.4651, 0.6471, 0.7333, 0.4483, 0.0000, 0.1481],
       device='cuda:0')","tensor(0.3855, device='cuda:0')","tensor(0.4131, device='cuda:0')"
81,0.792434,0.628824,0.266596,0.136827,0.012252,2.517049,2.308929,0.525488,0.155571,"tensor(0.4153, device='cuda:0')","tensor([0.3333, 0.5769, 0.2000, 0.3784, 0.5000, 0.2286, 0.4138, 0.4242, 0.3125,
        0.6452, 0.0606, 0.4412, 0.4516, 0.1176, 0.7674, 0.1250, 0.2162, 0.5000,
        0.9375, 0.7241, 0.4419, 0.5882, 0.7333, 0.4828, 0.0000, 0.1481],
       device='cuda:0')","tensor(0.3889, device='cuda:0')","tensor(0.4188, device='cuda:0')"
82,0.792024,0.628794,0.262046,0.136903,0.012223,2.518344,2.310252,0.525770,0.155515,"tensor(0.4047, device='cuda:0')","tensor([0.3333, 0.5769, 0.1600, 0.3514, 0.4250, 0.2286, 0.3793, 0.3939, 0.3125,
        0.6452, 0.0606, 0.4412, 0.4839, 0.1176, 0.7674, 0.1250, 0.2162, 0.5000,
        0.9375, 0.7241, 0.3953, 0.5882, 0.7333, 0.4483, 0.0000, 0.1481],
       device='cuda:0')","tensor(0.3781, device='cuda:0')","tensor(0.4079, device='cuda:0')"
83,0.792293,0.628768,0.264549,0.136948,0.012212,2.519993,2.311538,0.528492,0.155606,"tensor(0.4129, device='cuda:0')","tensor([0.3333, 0.6154, 0.1600, 0.2973, 0.4500, 0.2571, 0.3793, 0.3939, 0.3125,
        0.6452, 0.0606, 0.4118, 0.4839, 0.1176, 0.7907, 0.1250, 0.2162, 0.5000,
        0.9375, 0.7241, 0.4651, 0.6176, 0.7333, 0.4828, 0.0312, 0.1481],
       device='cuda:0')","tensor(0.3858, device='cuda:0')","tensor(0.4171, device='cuda:0')"
84,0.791661,0.628748,0.260065,0.136785,0.012162,2.521232,2.312842,0.528597,0.155530,"tensor(0.4118, device='cuda:0')","tensor([0.3611, 0.5769, 0.1600, 0.3243, 0.4500, 0.2286, 0.4138, 0.3939, 0.3125,
        0.6452, 0.0606, 0.4118, 0.4839, 0.1176, 0.7907, 0.1250, 0.2162, 0.5385,
        0.9375, 0.6897, 0.4651, 0.5882, 0.7333, 0.4483, 0.0312, 0.1481],
       device='cuda:0')","tensor(0.3849, device='cuda:0')","tensor(0.4165, device='cuda:0')"
85,0.792109,0.628736,0.263140,0.136940,0.011983,2.521452,2.312937,0.528671,0.155648,"tensor(0.4047, device='cuda:0')","tensor([0.3611, 0.5769, 0.1600, 0.3243, 0.4500, 0.2286, 0.3793, 0.3636, 0.3125,
        0.6452, 0.0606, 0.4118, 0.4839, 0.1176, 0.7907, 0.0938, 0.2162, 0.5000,
        0.9375, 0.7241, 0.4419, 0.5882, 0.7333, 0.4483, 0.0000, 0.1111],
       device='cuda:0')","tensor(0.3759, device='cuda:0')","tensor(0.4016, device='cuda:0')"
86,0.791730,0.628727,0.260722,0.136811,0.011968,2.517911,2.309191,0.528025,0.155917,"tensor(0.4129, device='cuda:0')","tensor([0.3611, 0.5769, 0.1600, 0.3243, 0.4750, 0.2286, 0.4138, 0.4242, 0.3125,
        0.6452, 0.0606, 0.4118, 0.4839, 0.1176, 0.7907, 0.0938, 0.2432, 0.5000,
        0.9375, 0.7241, 0.4884, 0.5882, 0.7333, 0.4483, 0.0000, 0.1111],
       device='cuda:0')","tensor(0.3839, device='cuda:0')","tensor(0.4096, device='cuda:0')"
87,0.791478,0.628705,0.259525,0.136703,0.011816,2.520179,2.311613,0.527549,0.155811,"tensor(0.4094, device='cuda:0')","tensor([0.3611, 0.6154, 0.1600, 0.3243, 0.4750, 0.2286, 0.4138, 0.3939, 0.3125,
        0.6452, 0.0606, 0.3824, 0.4839, 0.1176, 0.7907, 0.0938, 0.2162, 0.5385,
        0.9375, 0.6897, 0.4651, 0.5882, 0.7333, 0.4483, 0.0000, 0.1111],
       device='cuda:0')","tensor(0.3795, device='cuda:0')","tensor(0.4032, device='cuda:0')"
88,0.791986,0.628686,0.261624,0.137020,0.011794,2.515486,2.306772,0.527584,0.155956,"tensor(0.4094, device='cuda:0')","tensor([0.3889, 0.6154, 0.1600, 0.3243, 0.4750, 0.2286, 0.4138, 0.3636, 0.3125,
        0.6452, 0.0606, 0.4118, 0.4839, 0.1176, 0.7907, 0.0938, 0.2162, 0.5000,
        0.9375, 0.7241, 0.4186, 0.5882, 0.7333, 0.4828, 0.0000, 0.1111],
       device='cuda:0')","tensor(0.3798, device='cuda:0')","tensor(0.4036, device='cuda:0')"
89,0.791611,0.628675,0.258935,0.136924,0.011774,2.515673,2.306864,0.528319,0.155977,"tensor(0.4129, device='cuda:0')","tensor([0.4167, 0.6154, 0.1600, 0.3243, 0.4750, 0.2286, 0.4138, 0.3636, 0.3125,
        0.6452, 0.0606, 0.4412, 0.4839, 0.1176, 0.8140, 0.1250, 0.1892, 0.5000,
        0.9375, 0.6897, 0.4419, 0.5882, 0.7333, 0.4828, 0.0000, 0.1111],
       device='cuda:0')","tensor(0.3831, device='cuda:0')","tensor(0.4060, device='cuda:0')"
90,0.791066,0.628660,0.256529,0.136637,0.011580,2.516237,2.307426,0.528819,0.155929,"tensor(0.4094, device='cuda:0')","tensor([0.3889, 0.6154, 0.1600, 0.2973, 0.4750, 0.2286, 0.3793, 0.3636, 0.3125,
        0.6452, 0.0606, 0.4412, 0.4839, 0.1176, 0.8140, 0.1250, 0.1892, 0.5000,
        0.9375, 0.7241, 0.4186, 0.5882, 0.7333, 0.4828, 0.0000, 0.1111],
       device='cuda:0')","tensor(0.3799, device='cuda:0')","tensor(0.4045, device='cuda:0')"
91,0.791282,0.628651,0.258264,0.136689,0.011544,2.517763,2.308868,0.528979,0.155998,"tensor(0.4106, device='cuda:0')","tensor([0.4167, 0.6154, 0.1600, 0.3243, 0.4750, 0.2286, 0.4138, 0.3636, 0.3125,
        0.6452, 0.0606, 0.4412, 0.4839, 0.1176, 0.7907, 0.1250, 0.2162, 0.5000,
        0.9375, 0.7241, 0.3953, 0.5882, 0.7333, 0.4483, 0.0000, 0.1111],
       device='cuda:0')","tensor(0.3822, device='cuda:0')","tensor(0.4101, device='cuda:0')"
92,0.791305,0.628645,0.258573,0.136686,0.011622,2.519248,2.310382,0.529289,0.155937,"tensor(0.4106, device='cuda:0')","tensor([0.3611, 0.6154, 0.1600, 0.3243, 0.4750, 0.2286, 0.4138, 0.3939, 0.3125,
        0.6452, 0.0606, 0.3824, 0.4839, 0.1176, 0.7907, 0.1250, 0.2162, 0.4615,
        0.9375, 0.7241, 0.4419, 0.6176, 0.7333, 0.4483, 0.0000, 0.1481],
       device='cuda:0')","tensor(0.3818, device='cuda:0')","tensor(0.4093, device='cuda:0')"
93,0.790991,0.628643,0.255694,0.136661,0.011697,2.518642,2.309666,0.529699,0.156007,"tensor(0.4094, device='cuda:0')","tensor([0.3889, 0.6154, 0.1600, 0.3243, 0.4750, 0.2286, 0.4138, 0.3939, 0.3125,
        0.6452, 0.0606, 0.4412, 0.4839, 0.0882, 0.8140, 0.1250, 0.2162, 0.4615,
        0.9375, 0.6897, 0.3953, 0.5882, 0.7333, 0.4483, 0.0000, 0.1481],
       device='cuda:0')","tensor(0.3808, device='cuda:0')","tensor(0.4074, device='cuda:0')"
94,0.790965,0.628636,0.255907,0.136622,0.011641,2.520740,2.311700,0.529774,0.156063,"tensor(0.4118, device='cuda:0')","tensor([0.3611, 0.6154, 0.2000, 0.3243, 0.4500, 0.2286, 0.4138, 0.3939, 0.3125,
        0.6452, 0.0606, 0.4412, 0.4839, 0.1176, 0.8140, 0.1250, 0.2162, 0.4615,
        0.9375, 0.7241, 0.4186, 0.5882, 0.7333, 0.4483, 0.0000, 0.1481],
       device='cuda:0')","tensor(0.3845, device='cuda:0')","tensor(0.4129, device='cuda:0')"
95,0.790927,0.628632,0.254973,0.136681,0.011660,2.520628,2.311673,0.529812,0.155974,"tensor(0.4118, device='cuda:0')","tensor([0.3889, 0.6154, 0.1600, 0.3243, 0.4750, 0.2286, 0.4138, 0.3939, 0.3125,
        0.6452, 0.0606, 0.4412, 0.4839, 0.1176, 0.8140, 0.0938, 0.2162, 0.4615,
        0.9375, 0.7241, 0.4186, 0.5882, 0.7333, 0.4483, 0.0000, 0.1481],
       device='cuda:0')","tensor(0.3824, device='cuda:0')","tensor(0.4074, device='cuda:0')"
96,0.790957,0.628638,0.254598,0.136743,0.011654,2.519729,2.310809,0.529660,0.155953,"tensor(0.4153, device='cuda:0')","tensor([0.4444, 0.6154, 0.1600, 0.3243, 0.4750, 0.2286, 0.4138, 0.3939, 0.3125,
        0.6452, 0.0606, 0.4118, 0.4839, 0.1176, 0.8140, 0.1250, 0.2162, 0.4615,
        0.9375, 0.7241, 0.4419, 0.5882, 0.7333, 0.4483, 0.0000, 0.1481],
       device='cuda:0')","tensor(0.3857, device='cuda:0')","tensor(0.4108, device='cuda:0')"
97,0.790800,0.628631,0.254184,0.136634,0.011657,2.519665,2.310881,0.529598,0.155824,"tensor(0.4129, device='cuda:0')","tensor([0.4167, 0.6154, 0.1600, 0.2973, 0.4750, 0.2286, 0.4138, 0.3939, 0.3125,
        0.6452, 0.0606, 0.4412, 0.4839, 0.1176, 0.8140, 0.1250, 0.2162, 0.4615,
        0.9375, 0.7241, 0.4186, 0.5882, 0.7333, 0.4483, 0.0000, 0.1481],
       device='cuda:0')","tensor(0.3834, device='cuda:0')","tensor(0.4092, device='cuda:0')"
98,0.790681,0.628639,0.252560,0.136670,0.011628,2.519965,2.311141,0.529346,0.155889,"tensor(0.4153, device='cuda:0')","tensor([0.4444, 0.6154, 0.1600, 0.3243, 0.4750, 0.2286, 0.4138, 0.3939, 0.3125,
        0.6452, 0.0606, 0.4412, 0.4839, 0.1176, 0.8140, 0.1250, 0.2162, 0.4615,
        0.9375, 0.7241, 0.4186, 0.5882, 0.7333, 0.4483, 0.0000, 0.1481],
       device='cuda:0')","tensor(0.3859, device='cuda:0')","tensor(0.4112, device='cuda:0')"
99,0.790599,0.628619,0.253348,0.136528,0.011661,2.519917,2.311108,0.529214,0.155887,"tensor(0.4106, device='cuda:0')","tensor([0.3889, 0.6154, 0.1600, 0.3243, 0.4750, 0.2286, 0.4138, 0.3939, 0.3125,
        0.6452, 0.0606, 0.4118, 0.4839, 0.1176, 0.7907, 0.1250, 0.2162, 0.4615,
        0.9375, 0.7241, 0.4186, 0.5882, 0.7333, 0.4483, 0.0000, 0.1481],
       device='cuda:0')","tensor(0.3820, device='cuda:0')","tensor(0.4087, device='cuda:0')"
0,3.266209,3.253652,0.123386,0.148207,0.021838,3.276817,3.259298,0.175190,0.149764,"tensor(0.0388, device='cuda:0')","tensor([0.0000, 0.0000, 0.0000, 0.0000, 0.0000, 0.0000, 0.0000, 0.0303, 0.0000,
        0.0000, 0.0000, 0.0000, 0.0000, 0.0000, 0.0000, 0.0000, 0.0000, 0.0000,
        0.0000, 0.0000, 0.0000, 0.7941, 0.1667, 0.0000, 0.0000, 0.0000],
       device='cuda:0')","tensor(0.0069, device='cuda:0')","tensor(0.0082, device='cuda:0')"
1,3.252545,3.240987,0.115024,0.147752,0.005568,3.271994,3.255915,0.160791,0.148904,"tensor(0.0612, device='cuda:0')","tensor([0.0000, 0.0000, 0.0000, 0.0000, 0.0000, 0.0000, 0.0000, 0.0000, 0.0000,
        0.0000, 0.0000, 0.0000, 0.0000, 0.0000, 0.0000, 0.0000, 0.0000, 0.0000,
        0.8125, 0.0000, 0.0000, 0.0000, 0.8667, 0.0000, 0.0000, 0.0000],
       device='cuda:0')","tensor(0.0091, device='cuda:0')","tensor(0.0049, device='cuda:0')"
2,3.220062,3.209413,0.106056,0.144767,0.004344,3.268541,3.252878,0.156631,0.135936,"tensor(0.0682, device='cuda:0')","tensor([0.0000, 0.0000, 0.0000, 0.0000, 0.0000, 0.0000, 0.0000, 0.0000, 0.0000,
        0.0000, 0.0000, 0.0000, 0.0000, 0.0000, 0.0000, 0.0000, 0.0000, 0.0000,
        1.0000, 0.0000, 0.0000, 0.0000, 0.8667, 0.0000, 0.0000, 0.0000],
       device='cuda:0')","tensor(0.0098, device='cuda:0')","tensor(0.0052, device='cuda:0')"
3,3.181285,3.171170,0.100664,0.141235,0.004909,3.267236,3.251671,0.155642,0.134104,"tensor(0.0671, device='cuda:0')","tensor([0.0000, 0.0000, 0.0000, 0.0000, 0.0000, 0.0000, 0.0000, 0.0000, 0.0000,
        0.0000, 0.0000, 0.0000, 0.0000, 0.0000, 0.0000, 0.0000, 0.0000, 0.0000,
        1.0000, 0.0000, 0.0000, 0.0000, 0.8333, 0.0000, 0.0000, 0.0000],
       device='cuda:0')","tensor(0.0109, device='cuda:0')","tensor(0.0060, device='cuda:0')"
4,3.136687,3.126846,0.097628,0.138776,0.007835,3.260799,3.245139,0.156604,0.131292,"tensor(0.0647, device='cuda:0')","tensor([0.0000, 0.0000, 0.0000, 0.0000, 0.0000, 0.0000, 0.0000, 0.0000, 0.0000,
        0.0000, 0.0000, 0.0000, 0.0000, 0.0000, 0.0000, 0.0000, 0.0000, 0.0000,
        1.0000, 0.0000, 0.0000, 0.0000, 0.7667, 0.0000, 0.0000, 0.0000],
       device='cuda:0')","tensor(0.0117, device='cuda:0')","tensor(0.0066, device='cuda:0')"
5,3.088451,3.078573,0.098066,0.137623,0.007138,3.253916,3.237770,0.161466,0.130214,"tensor(0.0647, device='cuda:0')","tensor([0.0000, 0.0000, 0.0000, 0.0000, 0.0000, 0.0000, 0.0000, 0.0000, 0.0000,
        0.0000, 0.0000, 0.0000, 0.0000, 0.0000, 0.0000, 0.0000, 0.0000, 0.0000,
        1.0000, 0.0000, 0.0000, 0.0000, 0.7667, 0.0000, 0.0000, 0.0000],
       device='cuda:0')","tensor(0.0115, device='cuda:0')","tensor(0.0065, device='cuda:0')"
6,3.031682,3.021509,0.101026,0.136148,0.007068,3.240136,3.223735,0.164013,0.130661,"tensor(0.0706, device='cuda:0')","tensor([0.0000, 0.0000, 0.0000, 0.0000, 0.0000, 0.0000, 0.0000, 0.0000, 0.0000,
        0.0000, 0.0000, 0.0000, 0.0000, 0.0000, 0.0233, 0.0000, 0.0000, 0.0000,
        1.0000, 0.0000, 0.0000, 0.0000, 0.9000, 0.0000, 0.0000, 0.0000],
       device='cuda:0')","tensor(0.0120, device='cuda:0')","tensor(0.0248, device='cuda:0')"
7,2.961994,2.951298,0.106295,0.135728,0.006577,3.225719,3.208188,0.175314,0.129573,"tensor(0.0753, device='cuda:0')","tensor([0.0000, 0.0000, 0.0000, 0.0000, 0.0000, 0.0000, 0.0000, 0.0000, 0.0000,
        0.0000, 0.0000, 0.0000, 0.0000, 0.0000, 0.0698, 0.0000, 0.0000, 0.0000,
        1.0000, 0.0000, 0.0000, 0.0000, 0.9667, 0.0000, 0.0000, 0.0000],
       device='cuda:0')","tensor(0.0153, device='cuda:0')","tensor(0.0344, device='cuda:0')"
8,2.875819,2.864139,0.116067,0.135400,0.007374,3.196717,3.177781,0.189364,0.130612,"tensor(0.0788, device='cuda:0')","tensor([0.0000, 0.0000, 0.0000, 0.0000, 0.0000, 0.0000, 0.0000, 0.0000, 0.0000,
        0.0000, 0.0000, 0.0000, 0.0000, 0.0000, 0.1395, 0.0000, 0.0000, 0.0000,
        1.0000, 0.0000, 0.0000, 0.0000, 0.9667, 0.0000, 0.0000, 0.0000],
       device='cuda:0')","tensor(0.0206, device='cuda:0')","tensor(0.0392, device='cuda:0')"
9,2.772094,2.758950,0.130720,0.135726,0.007135,3.167537,3.146877,0.206601,0.137729,"tensor(0.0847, device='cuda:0')","tensor([0.0000, 0.0000, 0.0000, 0.0000, 0.0000, 0.0000, 0.0000, 0.0303, 0.0000,
        0.0000, 0.0000, 0.0000, 0.0000, 0.0000, 0.2326, 0.0000, 0.0000, 0.0000,
        0.9688, 0.0000, 0.0000, 0.0000, 1.0000, 0.0000, 0.0000, 0.0000],
       device='cuda:0')","tensor(0.0303, device='cuda:0')","tensor(0.0570, device='cuda:0')"
10,2.645956,2.631405,0.144621,0.136459,0.008823,3.125691,3.103248,0.224428,0.130077,"tensor(0.1118, device='cuda:0')","tensor([0.1667, 0.0000, 0.0000, 0.0000, 0.0250, 0.0000, 0.1379, 0.0606, 0.0000,
        0.0000, 0.0000, 0.0000, 0.0000, 0.0000, 0.4419, 0.0000, 0.0000, 0.0000,
        0.9688, 0.0690, 0.0000, 0.0000, 1.0000, 0.0000, 0.0000, 0.0000],
       device='cuda:0')","tensor(0.0626, device='cuda:0')","tensor(0.1632, device='cuda:0')"
11,2.500812,2.484382,0.163226,0.137339,0.010777,3.110983,3.086732,0.242506,0.132010,"tensor(0.1282, device='cuda:0')","tensor([0.0000, 0.0000, 0.0000, 0.0000, 0.1000, 0.0000, 0.0345, 0.2121, 0.0000,
        0.0000, 0.0000, 0.0000, 0.0000, 0.0000, 0.7907, 0.0000, 0.0000, 0.0000,
        0.9688, 0.0690, 0.0000, 0.0000, 1.0000, 0.0000, 0.0000, 0.0000],
       device='cuda:0')","tensor(0.0626, device='cuda:0')","tensor(0.1191, device='cuda:0')"
12,2.334770,2.315681,0.189529,0.137255,0.013567,3.064743,3.035695,0.290480,0.139936,"tensor(0.1235, device='cuda:0')","tensor([0.1389, 0.0000, 0.0000, 0.0000, 0.3750, 0.0000, 0.0345, 0.1515, 0.0000,
        0.0000, 0.0000, 0.0000, 0.0000, 0.0000, 0.3488, 0.0000, 0.0000, 0.0000,
        0.9688, 0.1034, 0.0000, 0.0000, 1.0000, 0.0000, 0.0000, 0.0000],
       device='cuda:0')","tensor(0.0723, device='cuda:0')","tensor(0.1281, device='cuda:0')"
13,2.155831,2.133304,0.223599,0.139674,0.016731,2.986157,2.952937,0.332198,0.129651,"tensor(0.1565, device='cuda:0')","tensor([0.1667, 0.0769, 0.0000, 0.0000, 0.1750, 0.0000, 0.0690, 0.0909, 0.2188,
        0.0000, 0.0000, 0.0294, 0.0000, 0.0000, 0.7674, 0.0000, 0.0000, 0.0769,
        0.9688, 0.2759, 0.0000, 0.0000, 1.0000, 0.0345, 0.0000, 0.0000],
       device='cuda:0')","tensor(0.1079, device='cuda:0')","tensor(0.2612, device='cuda:0')"
14,1.947682,1.921676,0.258278,0.142117,0.017814,2.943384,2.904358,0.390261,0.128762,"tensor(0.2082, device='cuda:0')","tensor([0.3333, 0.1923, 0.0000, 0.0000, 0.5000, 0.0000, 0.1724, 0.1818, 0.0625,
        0.0000, 0.0000, 0.0294, 0.1290, 0.0000, 1.0000, 0.0000, 0.0000, 0.4615,
        0.9688, 0.1379, 0.0000, 0.0000, 0.9333, 0.1379, 0.0000, 0.0000],
       device='cuda:0')","tensor(0.1460, device='cuda:0')","tensor(0.2000, device='cuda:0')"
15,1.739755,1.709799,0.297770,0.143520,0.017884,2.839347,2.797731,0.416156,0.139519,"tensor(0.2435, device='cuda:0')","tensor([0.1111, 0.3077, 0.0000, 0.0000, 0.8500, 0.0000, 0.1724, 0.2424, 0.2188,
        0.0645, 0.0000, 0.1765, 0.3548, 0.0000, 0.7674, 0.0000, 0.0000, 0.6154,
        0.9688, 0.2414, 0.0000, 0.0000, 0.9667, 0.2069, 0.0000, 0.0000],
       device='cuda:0')","tensor(0.1754, device='cuda:0')","tensor(0.2491, device='cuda:0')"
16,1.519487,1.486575,0.327191,0.147850,0.019287,2.898278,2.853233,0.450448,0.144387,"tensor(0.2482, device='cuda:0')","tensor([0.0000, 0.6538, 0.0000, 0.1351, 0.5000, 0.0000, 0.1034, 0.1818, 0.1250,
        0.4516, 0.0000, 0.7647, 0.3548, 0.0000, 0.5814, 0.0000, 0.0000, 0.7308,
        1.0000, 0.0000, 0.0000, 0.0000, 0.8000, 0.1724, 0.0000, 0.0000],
       device='cuda:0')","tensor(0.1786, device='cuda:0')","tensor(0.2326, device='cuda:0')"
17,1.320225,1.283367,0.366611,0.149337,0.019629,2.864705,2.814239,0.504658,0.151671,"tensor(0.2212, device='cuda:0')","tensor([0.0000, 0.5385, 0.0000, 0.1081, 0.1500, 0.0000, 0.2069, 0.3030, 0.0312,
        0.5161, 0.0000, 0.9706, 0.2903, 0.0000, 0.2093, 0.0000, 0.0000, 0.3846,
        1.0000, 0.0690, 0.0233, 0.0000, 0.9000, 0.2759, 0.0000, 0.0000],
       device='cuda:0')","tensor(0.1686, device='cuda:0')","tensor(0.3114, device='cuda:0')"
18,1.147509,1.107800,0.394956,0.153517,0.021353,2.770567,2.716801,0.537663,0.142668,"tensor(0.2694, device='cuda:0')","tensor([0.0000, 0.1923, 0.0000, 0.1892, 0.0750, 0.0286, 0.2414, 0.3939, 0.0312,
        0.7097, 0.0303, 0.7353, 0.3226, 0.2941, 0.1395, 0.0000, 0.2703, 0.0000,
        0.9688, 0.8966, 0.1628, 0.3235, 0.6667, 0.4483, 0.0000, 0.0000],
       device='cuda:0')","tensor(0.2208, device='cuda:0')","tensor(0.3274, device='cuda:0')"
19,0.987815,0.947572,0.400044,0.154561,0.023766,2.655254,2.601346,0.539078,0.148572,"tensor(0.2800, device='cuda:0')","tensor([0.4722, 0.1154, 0.0000, 0.0000, 0.5500, 0.4571, 0.3103, 0.1818, 0.0625,
        0.7097, 0.1212, 0.1471, 0.0645, 0.2941, 0.4186, 0.0312, 0.2162, 0.0385,
        0.8125, 0.6207, 0.0000, 0.4118, 0.8333, 0.3103, 0.0000, 0.0000],
       device='cuda:0')","tensor(0.2421, device='cuda:0')","tensor(0.4193, device='cuda:0')"
20,0.865689,0.827377,0.380029,0.160301,0.030836,2.534271,2.485712,0.485585,0.152754,"tensor(0.3353, device='cuda:0')","tensor([0.0556, 0.6538, 0.0400, 0.4324, 0.2250, 0.0286, 0.3103, 0.3636, 0.4062,
        0.2903, 0.0303, 0.6471, 0.5484, 0.0000, 0.6047, 0.1562, 0.0000, 0.6154,
        0.9688, 0.0690, 0.3953, 0.6765, 0.7333, 0.4483, 0.0000, 0.0370],
       device='cuda:0')","tensor(0.2867, device='cuda:0')","tensor(0.3968, device='cuda:0')"
21,0.787066,0.753223,0.335357,0.163388,0.030765,2.432227,2.387311,0.449163,0.160351,"tensor(0.3753, device='cuda:0')","tensor([0.2778, 0.5000, 0.1600, 0.0811, 0.6500, 0.3143, 0.4138, 0.3030, 0.2188,
        0.7742, 0.0303, 0.5000, 0.4516, 0.2941, 0.4884, 0.0312, 0.2973, 0.3462,
        0.9375, 0.6552, 0.3023, 0.5294, 0.8000, 0.3103, 0.0000, 0.0741],
       device='cuda:0')","tensor(0.3516, device='cuda:0')","tensor(0.4708, device='cuda:0')"
22,0.740713,0.710985,0.294723,0.165126,0.025626,2.350437,2.308217,0.422207,0.155117,"tensor(0.4000, device='cuda:0')","tensor([0.2778, 0.5385, 0.2000, 0.1351, 0.3750, 0.2571, 0.6207, 0.3333, 0.2812,
        0.6129, 0.0303, 0.6176, 0.5484, 0.2647, 0.6977, 0.0938, 0.2432, 0.3462,
        0.9062, 0.4828, 0.3488, 0.7353, 0.8000, 0.5172, 0.0000, 0.1481],
       device='cuda:0')","tensor(0.3737, device='cuda:0')","tensor(0.4479, device='cuda:0')"
23,0.713858,0.686968,0.267153,0.165929,0.017463,2.370990,2.330261,0.407288,0.154828,"tensor(0.3988, device='cuda:0')","tensor([0.2500, 0.5385, 0.2400, 0.1622, 0.5750, 0.2000, 0.5862, 0.3030, 0.2812,
        0.7097, 0.0303, 0.5882, 0.5161, 0.2647, 0.5116, 0.1562, 0.2973, 0.3462,
        0.9375, 0.4483, 0.4884, 0.5588, 0.8000, 0.3793, 0.0000, 0.1852],
       device='cuda:0')","tensor(0.3765, device='cuda:0')","tensor(0.4362, device='cuda:0')"
24,0.696898,0.672450,0.243003,0.166332,0.014753,2.390621,2.350507,0.401132,0.156393,"tensor(0.3918, device='cuda:0')","tensor([0.3333, 0.5000, 0.2000, 0.1351, 0.5750, 0.3143, 0.5172, 0.3030, 0.2188,
        0.6774, 0.0303, 0.5588, 0.4839, 0.2353, 0.6279, 0.0625, 0.2703, 0.3846,
        0.9375, 0.5517, 0.3953, 0.5294, 0.8000, 0.3448, 0.0312, 0.1111],
       device='cuda:0')","tensor(0.3639, device='cuda:0')","tensor(0.4281, device='cuda:0')"
25,0.686295,0.663009,0.231539,0.166940,0.013128,2.380649,2.340898,0.397511,0.153239,"tensor(0.4024, device='cuda:0')","tensor([0.2778, 0.6154, 0.2800, 0.1351, 0.4750, 0.3714, 0.3793, 0.3030, 0.2812,
        0.6129, 0.0606, 0.6176, 0.4839, 0.2353, 0.5581, 0.0938, 0.2973, 0.3462,
        0.9375, 0.5862, 0.4419, 0.6176, 0.8667, 0.4138, 0.0312, 0.1481],
       device='cuda:0')","tensor(0.3785, device='cuda:0')","tensor(0.4198, device='cuda:0')"
26,0.677751,0.655749,0.218890,0.166591,0.011260,2.394140,2.354346,0.397946,0.154980,"tensor(0.3988, device='cuda:0')","tensor([0.2500, 0.6154, 0.2800, 0.1892, 0.4750, 0.3143, 0.4828, 0.3636, 0.2500,
        0.6129, 0.0606, 0.5000, 0.5161, 0.2059, 0.5814, 0.0938, 0.3514, 0.4615,
        0.9062, 0.6207, 0.3023, 0.5882, 0.8000, 0.4138, 0.0000, 0.2222],
       device='cuda:0')","tensor(0.3802, device='cuda:0')","tensor(0.4294, device='cuda:0')"
27,0.672102,0.650936,0.210512,0.166440,0.011394,2.387041,2.347538,0.395024,0.152780,"tensor(0.4071, device='cuda:0')","tensor([0.2778, 0.6538, 0.3200, 0.2432, 0.4750, 0.3143, 0.4483, 0.3636, 0.2812,
        0.6452, 0.0606, 0.4706, 0.4839, 0.2353, 0.5581, 0.2188, 0.3243, 0.4231,
        0.9062, 0.5862, 0.3023, 0.6176, 0.8333, 0.4138, 0.0000, 0.2222],
       device='cuda:0')","tensor(0.3912, device='cuda:0')","tensor(0.4218, device='cuda:0')"
28,0.667978,0.647509,0.203559,0.166688,0.011313,2.419988,2.380287,0.397011,0.154149,"tensor(0.3882, device='cuda:0')","tensor([0.2222, 0.6538, 0.2800, 0.2432, 0.5250, 0.2571, 0.5172, 0.3333, 0.2812,
        0.6129, 0.0303, 0.5000, 0.4839, 0.2059, 0.5814, 0.0312, 0.3514, 0.3462,
        0.9062, 0.5862, 0.3256, 0.5882, 0.8000, 0.3448, 0.0000, 0.1111],
       device='cuda:0')","tensor(0.3626, device='cuda:0')","tensor(0.4293, device='cuda:0')"
29,0.665023,0.644932,0.199831,0.165879,0.010748,2.394605,2.354947,0.396574,0.152707,"tensor(0.3988, device='cuda:0')","tensor([0.2500, 0.6538, 0.2800, 0.2432, 0.6250, 0.2000, 0.3793, 0.3636, 0.3125,
        0.6129, 0.0303, 0.5588, 0.4516, 0.2353, 0.5581, 0.0625, 0.2973, 0.3846,
        0.9375, 0.5862, 0.2558, 0.6176, 0.8000, 0.4483, 0.0312, 0.2593],
       device='cuda:0')","tensor(0.3759, device='cuda:0')","tensor(0.4090, device='cuda:0')"
30,0.662526,0.642818,0.195932,0.166241,0.011466,2.400702,2.360975,0.397265,0.153278,"tensor(0.3882, device='cuda:0')","tensor([0.2778, 0.5769, 0.2800, 0.1622, 0.4750, 0.2286, 0.4483, 0.3333, 0.2812,
        0.6129, 0.0303, 0.5294, 0.4839, 0.1765, 0.5581, 0.0938, 0.3243, 0.3846,
        0.9375, 0.6207, 0.2791, 0.6471, 0.8333, 0.4483, 0.0000, 0.1481],
       device='cuda:0')","tensor(0.3637, device='cuda:0')","tensor(0.4040, device='cuda:0')"
31,0.660343,0.640934,0.192929,0.165697,0.011599,2.393536,2.353438,0.400975,0.151541,"tensor(0.4071, device='cuda:0')","tensor([0.2500, 0.6538, 0.2800, 0.3243, 0.5250, 0.3429, 0.3103, 0.4242, 0.2188,
        0.6452, 0.0303, 0.4412, 0.4839, 0.2059, 0.6744, 0.1562, 0.3243, 0.4231,
        0.9375, 0.5862, 0.3256, 0.5882, 0.7667, 0.4138, 0.0000, 0.2593],
       device='cuda:0')","tensor(0.3862, device='cuda:0')","tensor(0.4241, device='cuda:0')"
32,0.658279,0.639108,0.190583,0.165476,0.011242,2.418703,2.378140,0.405630,0.150821,"tensor(0.4024, device='cuda:0')","tensor([0.3056, 0.6154, 0.3200, 0.2703, 0.4250, 0.2571, 0.5517, 0.3636, 0.2188,
        0.6452, 0.0303, 0.5000, 0.5161, 0.2059, 0.6512, 0.1562, 0.3243, 0.4231,
        0.9062, 0.5517, 0.2791, 0.6471, 0.7667, 0.4483, 0.0000, 0.1481],
       device='cuda:0')","tensor(0.3810, device='cuda:0')","tensor(0.4137, device='cuda:0')"
33,0.657007,0.637956,0.189445,0.165031,0.010648,2.410605,2.369286,0.413194,0.150382,"tensor(0.3953, device='cuda:0')","tensor([0.3333, 0.6538, 0.2800, 0.3243, 0.4750, 0.2286, 0.5172, 0.3636, 0.2188,
        0.6452, 0.0303, 0.4118, 0.4839, 0.2353, 0.7209, 0.0938, 0.2973, 0.4231,
        0.9062, 0.5517, 0.2558, 0.5588, 0.7667, 0.3793, 0.0000, 0.1481],
       device='cuda:0')","tensor(0.3713, device='cuda:0')","tensor(0.4178, device='cuda:0')"
34,0.655852,0.636926,0.188191,0.164548,0.010711,2.434410,2.392434,0.419763,0.149617,"tensor(0.3953, device='cuda:0')","tensor([0.2778, 0.6538, 0.3200, 0.2973, 0.4250, 0.2286, 0.5517, 0.3636, 0.2500,
        0.6129, 0.0909, 0.5000, 0.4839, 0.1765, 0.6047, 0.1562, 0.2703, 0.4231,
        0.9062, 0.5517, 0.2558, 0.5588, 0.7667, 0.4483, 0.0000, 0.2222],
       device='cuda:0')","tensor(0.3763, device='cuda:0')","tensor(0.4035, device='cuda:0')"
35,0.654683,0.635968,0.186091,0.164259,0.010608,2.400973,2.359720,0.412526,0.149506,"tensor(0.3929, device='cuda:0')","tensor([0.3333, 0.5769, 0.3200, 0.3514, 0.5250, 0.2571, 0.3793, 0.4545, 0.2500,
        0.4839, 0.0303, 0.4706, 0.4839, 0.1471, 0.6512, 0.0625, 0.2703, 0.4615,
        0.9062, 0.5172, 0.3256, 0.5882, 0.7667, 0.3793, 0.0000, 0.2222],
       device='cuda:0')","tensor(0.3707, device='cuda:0')","tensor(0.3996, device='cuda:0')"
36,0.654061,0.635250,0.187077,0.163641,0.010329,2.430638,2.389552,0.410852,0.149049,"tensor(0.4012, device='cuda:0')","tensor([0.2778, 0.6154, 0.3200, 0.3514, 0.5000, 0.3143, 0.4828, 0.4545, 0.2188,
        0.5806, 0.0303, 0.5588, 0.4839, 0.2059, 0.6512, 0.0312, 0.2973, 0.4231,
        0.9062, 0.5517, 0.3023, 0.5882, 0.7667, 0.3793, 0.0000, 0.1481],
       device='cuda:0')","tensor(0.3738, device='cuda:0')","tensor(0.3888, device='cuda:0')"
37,0.653071,0.634441,0.185249,0.163538,0.010497,2.423910,2.382836,0.410741,0.148818,"tensor(0.3953, device='cuda:0')","tensor([0.2778, 0.6538, 0.3200, 0.3243, 0.5250, 0.2857, 0.4483, 0.3333, 0.2500,
        0.5806, 0.0606, 0.5000, 0.4516, 0.1471, 0.6279, 0.0938, 0.2432, 0.4615,
        0.9062, 0.5862, 0.2791, 0.5882, 0.7667, 0.4138, 0.0000, 0.2222],
       device='cuda:0')","tensor(0.3738, device='cuda:0')","tensor(0.4061, device='cuda:0')"
38,0.652305,0.633856,0.183450,0.163001,0.010398,2.441389,2.398713,0.426763,0.148275,"tensor(0.3965, device='cuda:0')","tensor([0.3056, 0.6538, 0.3200, 0.3243, 0.4500, 0.2857, 0.4483, 0.3333, 0.2500,
        0.5806, 0.0303, 0.5588, 0.4839, 0.1765, 0.6512, 0.1250, 0.2703, 0.4615,
        0.9062, 0.5862, 0.2558, 0.5882, 0.7667, 0.3793, 0.0000, 0.1852],
       device='cuda:0')","tensor(0.3753, device='cuda:0')","tensor(0.4092, device='cuda:0')"
39,0.651681,0.633341,0.182372,0.162716,0.010272,2.428263,2.386605,0.416578,0.148202,"tensor(0.4059, device='cuda:0')","tensor([0.2778, 0.6538, 0.3200, 0.3243, 0.5000, 0.2571, 0.4138, 0.3636, 0.2500,
        0.4839, 0.0303, 0.6176, 0.4839, 0.1471, 0.6977, 0.1250, 0.2973, 0.4615,
        0.9062, 0.5862, 0.3256, 0.5882, 0.8000, 0.4138, 0.0000, 0.2593],
       device='cuda:0')","tensor(0.3837, device='cuda:0')","tensor(0.4143, device='cuda:0')"
40,0.650627,0.632837,0.176890,0.162806,0.010089,2.424566,2.384419,0.401466,0.147916,"tensor(0.3976, device='cuda:0')","tensor([0.2500, 0.6538, 0.2800, 0.3514, 0.5500, 0.2571, 0.4483, 0.3939, 0.2500,
        0.5484, 0.0606, 0.5294, 0.4839, 0.1471, 0.6512, 0.1562, 0.2703, 0.4615,
        0.9062, 0.5862, 0.2791, 0.5882, 0.7333, 0.3793, 0.0000, 0.1481],
       device='cuda:0')","tensor(0.3740, device='cuda:0')","tensor(0.4016, device='cuda:0')"
41,0.649496,0.632389,0.170031,0.163034,0.010428,2.431917,2.392183,0.397334,0.146995,"tensor(0.3976, device='cuda:0')","tensor([0.2500, 0.6538, 0.2800, 0.3514, 0.5500, 0.2286, 0.4138, 0.3939, 0.2188,
        0.5484, 0.0909, 0.5294, 0.4839, 0.1765, 0.6512, 0.1562, 0.2973, 0.4231,
        0.9062, 0.5517, 0.2791, 0.6176, 0.7333, 0.4138, 0.0000, 0.1481],
       device='cuda:0')","tensor(0.3749, device='cuda:0')","tensor(0.4051, device='cuda:0')"
42,0.648817,0.632069,0.166444,0.163283,0.010372,2.432522,2.393110,0.394118,0.147537,"tensor(0.3929, device='cuda:0')","tensor([0.3056, 0.6154, 0.2800, 0.3514, 0.5750, 0.2571, 0.4138, 0.3636, 0.2188,
        0.5484, 0.1212, 0.4706, 0.4839, 0.1471, 0.6744, 0.0938, 0.3243, 0.4231,
        0.9062, 0.5517, 0.2558, 0.5882, 0.7333, 0.3793, 0.0000, 0.1111],
       device='cuda:0')","tensor(0.3702, device='cuda:0')","tensor(0.4074, device='cuda:0')"
43,0.647761,0.631744,0.159129,0.163097,0.010415,2.431342,2.392478,0.388633,0.147835,"tensor(0.4024, device='cuda:0')","tensor([0.3056, 0.6154, 0.3200, 0.3243, 0.5500, 0.2286, 0.4828, 0.3939, 0.2500,
        0.4516, 0.0909, 0.5588, 0.4839, 0.1471, 0.6744, 0.1562, 0.3514, 0.4231,
        0.9062, 0.5517, 0.2791, 0.6176, 0.7667, 0.4138, 0.0000, 0.1111],
       device='cuda:0')","tensor(0.3805, device='cuda:0')","tensor(0.4141, device='cuda:0')"
44,0.647427,0.631548,0.157696,0.163612,0.010900,2.435336,2.396491,0.388449,0.148559,"tensor(0.4024, device='cuda:0')","tensor([0.3333, 0.6923, 0.2800, 0.3243, 0.6000, 0.2286, 0.3793, 0.4242, 0.1875,
        0.4839, 0.0909, 0.6176, 0.4839, 0.2059, 0.6512, 0.1562, 0.2973, 0.4231,
        0.9062, 0.5517, 0.2791, 0.5588, 0.7667, 0.4138, 0.0000, 0.1111],
       device='cuda:0')","tensor(0.3802, device='cuda:0')","tensor(0.4271, device='cuda:0')"
45,0.646907,0.631306,0.154881,0.163854,0.011354,2.439079,2.400511,0.385682,0.148903,"tensor(0.3965, device='cuda:0')","tensor([0.2778, 0.6538, 0.2400, 0.2973, 0.4500, 0.2286, 0.4483, 0.3939, 0.2500,
        0.5806, 0.0606, 0.5294, 0.4839, 0.1765, 0.6279, 0.0938, 0.3514, 0.4615,
        0.9062, 0.5862, 0.2791, 0.6176, 0.7667, 0.4483, 0.0000, 0.1481],
       device='cuda:0')","tensor(0.3741, device='cuda:0')","tensor(0.4089, device='cuda:0')"
46,0.646659,0.631065,0.154836,0.164102,0.011080,2.427850,2.389237,0.386126,0.148972,"tensor(0.3976, device='cuda:0')","tensor([0.2778, 0.6154, 0.3200, 0.3243, 0.5500, 0.2286, 0.4138, 0.3939, 0.2812,
        0.4839, 0.0606, 0.6176, 0.4839, 0.1765, 0.6512, 0.0625, 0.3243, 0.4615,
        0.9375, 0.5517, 0.2558, 0.5882, 0.7000, 0.4483, 0.0000, 0.1481],
       device='cuda:0')","tensor(0.3727, device='cuda:0')","tensor(0.3991, device='cuda:0')"
47,0.646070,0.630774,0.151904,0.164204,0.010544,2.436647,2.398361,0.382861,0.148982,"tensor(0.3953, device='cuda:0')","tensor([0.2500, 0.6538, 0.3200, 0.3243, 0.4500, 0.2286, 0.4828, 0.3939, 0.2500,
        0.5484, 0.1212, 0.5588, 0.4839, 0.1765, 0.6279, 0.1250, 0.3243, 0.4231,
        0.9062, 0.5172, 0.3023, 0.5882, 0.7000, 0.4483, 0.0000, 0.1111],
       device='cuda:0')","tensor(0.3760, device='cuda:0')","tensor(0.4093, device='cuda:0')"
48,0.645820,0.630643,0.150651,0.164909,0.011178,2.429613,2.391133,0.384804,0.149275,"tensor(0.3965, device='cuda:0')","tensor([0.3056, 0.6538, 0.2400, 0.2973, 0.4500, 0.2286, 0.4138, 0.4242, 0.2188,
        0.4839, 0.1515, 0.5882, 0.4839, 0.1765, 0.6977, 0.1250, 0.3243, 0.4615,
        0.9375, 0.5172, 0.2558, 0.5882, 0.7000, 0.4483, 0.0000, 0.1481],
       device='cuda:0')","tensor(0.3754, device='cuda:0')","tensor(0.4146, device='cuda:0')"
49,0.645351,0.630312,0.149331,0.164832,0.010655,2.437206,2.398652,0.385537,0.149448,"tensor(0.4000, device='cuda:0')","tensor([0.2778, 0.6538, 0.3200, 0.3514, 0.4750, 0.2286, 0.5172, 0.3939, 0.2188,
        0.5161, 0.1515, 0.5588, 0.4839, 0.1471, 0.6279, 0.1250, 0.3514, 0.4615,
        0.9375, 0.5517, 0.2791, 0.5588, 0.7000, 0.4483, 0.0000, 0.1111],
       device='cuda:0')","tensor(0.3802, device='cuda:0')","tensor(0.4111, device='cuda:0')"
50,0.644962,0.630090,0.147658,0.164621,0.010643,2.430900,2.392536,0.383644,0.149492,"tensor(0.3988, device='cuda:0')","tensor([0.2778, 0.6154, 0.2800, 0.3243, 0.5000, 0.2286, 0.3793, 0.3939, 0.1875,
        0.4194, 0.1515, 0.5588, 0.5161, 0.1765, 0.6512, 0.1562, 0.3243, 0.4615,
        0.9375, 0.5862, 0.3488, 0.5882, 0.7000, 0.4828, 0.0000, 0.1111],
       device='cuda:0')","tensor(0.3789, device='cuda:0')","tensor(0.4098, device='cuda:0')"
51,0.644750,0.629901,0.147424,0.164904,0.010618,2.439398,2.401009,0.383886,0.149456,"tensor(0.4059, device='cuda:0')","tensor([0.2500, 0.6538, 0.3200, 0.3243, 0.4750, 0.2286, 0.4828, 0.3636, 0.2500,
        0.5484, 0.1212, 0.5882, 0.4839, 0.1471, 0.6744, 0.1562, 0.3243, 0.4615,
        0.9062, 0.5517, 0.3256, 0.6176, 0.7333, 0.4828, 0.0000, 0.1111],
       device='cuda:0')","tensor(0.3844, device='cuda:0')","tensor(0.4104, device='cuda:0')"
52,0.644550,0.629765,0.146784,0.164762,0.010641,2.432007,2.393758,0.382495,0.149236,"tensor(0.4059, device='cuda:0')","tensor([0.3056, 0.6538, 0.3200, 0.3243, 0.5000, 0.2286, 0.5172, 0.3636, 0.2188,
        0.4839, 0.1515, 0.6176, 0.4839, 0.1471, 0.6977, 0.0625, 0.2973, 0.4615,
        0.9062, 0.5862, 0.3721, 0.5882, 0.7000, 0.4138, 0.0000, 0.1481],
       device='cuda:0')","tensor(0.3810, device='cuda:0')","tensor(0.4052, device='cuda:0')"
53,0.644304,0.629620,0.145792,0.164974,0.010437,2.434182,2.395942,0.382398,0.149570,"tensor(0.4071, device='cuda:0')","tensor([0.2778, 0.6923, 0.3200, 0.3514, 0.5500, 0.2286, 0.4138, 0.4545, 0.2500,
        0.4839, 0.1515, 0.5588, 0.4839, 0.1765, 0.6977, 0.0625, 0.2973, 0.4615,
        0.9062, 0.5862, 0.3488, 0.5882, 0.7000, 0.4138, 0.0000, 0.1111],
       device='cuda:0')","tensor(0.3837, device='cuda:0')","tensor(0.4099, device='cuda:0')"
54,0.643986,0.629500,0.143793,0.165263,0.010619,2.433840,2.395525,0.383157,0.149810,"tensor(0.3941, device='cuda:0')","tensor([0.2500, 0.6538, 0.2800, 0.2973, 0.4750, 0.2000, 0.4483, 0.3939, 0.2188,
        0.4839, 0.1515, 0.6176, 0.4839, 0.1471, 0.6977, 0.0625, 0.2973, 0.4615,
        0.9062, 0.5862, 0.2791, 0.5882, 0.7333, 0.4483, 0.0000, 0.1111],
       device='cuda:0')","tensor(0.3695, device='cuda:0')","tensor(0.3949, device='cuda:0')"
55,0.643855,0.629364,0.143809,0.165501,0.010944,2.435876,2.397452,0.384240,0.149861,"tensor(0.4047, device='cuda:0')","tensor([0.2222, 0.6538, 0.2800, 0.3514, 0.4500, 0.2000, 0.4483, 0.4545, 0.2500,
        0.5484, 0.1515, 0.6471, 0.4839, 0.1765, 0.7209, 0.0625, 0.2703, 0.4615,
        0.9062, 0.5517, 0.3256, 0.6176, 0.7000, 0.4828, 0.0000, 0.1111],
       device='cuda:0')","tensor(0.3793, device='cuda:0')","tensor(0.4022, device='cuda:0')"
56,0.643633,0.629207,0.143223,0.165166,0.010383,2.433784,2.395240,0.385435,0.149588,"tensor(0.4059, device='cuda:0')","tensor([0.2778, 0.6538, 0.2800, 0.3514, 0.5500, 0.2286, 0.4138, 0.4242, 0.1875,
        0.4839, 0.1515, 0.6176, 0.4839, 0.1765, 0.7209, 0.0938, 0.2703, 0.4615,
        0.9062, 0.5862, 0.3256, 0.5588, 0.7333, 0.4483, 0.0000, 0.1481],
       device='cuda:0')","tensor(0.3821, device='cuda:0')","tensor(0.4150, device='cuda:0')"
57,0.643265,0.629093,0.140693,0.165153,0.010213,2.434889,2.396518,0.383705,0.150309,"tensor(0.4082, device='cuda:0')","tensor([0.2778, 0.6538, 0.3200, 0.3514, 0.5250, 0.2286, 0.4138, 0.4242, 0.2188,
        0.4839, 0.1515, 0.5882, 0.4839, 0.1765, 0.7442, 0.0625, 0.3243, 0.4615,
        0.9062, 0.5862, 0.3256, 0.6176, 0.7333, 0.4138, 0.0000, 0.1111],
       device='cuda:0')","tensor(0.3839, device='cuda:0')","tensor(0.4131, device='cuda:0')"
58,0.642989,0.628994,0.138913,0.165446,0.010338,2.430951,2.392524,0.384270,0.149456,"tensor(0.4071, device='cuda:0')","tensor([0.2778, 0.6538, 0.2800, 0.3243, 0.5000, 0.2286, 0.4483, 0.4242, 0.2188,
        0.4516, 0.1818, 0.6176, 0.4839, 0.2059, 0.6977, 0.0625, 0.2973, 0.4615,
        0.9062, 0.5172, 0.3488, 0.6176, 0.7333, 0.4828, 0.0000, 0.1481],
       device='cuda:0')","tensor(0.3859, device='cuda:0')","tensor(0.4227, device='cuda:0')"
59,0.642911,0.628918,0.138913,0.165417,0.010218,2.432097,2.393840,0.382577,0.149741,"tensor(0.4141, device='cuda:0')","tensor([0.2778, 0.6923, 0.2400, 0.3514, 0.5250, 0.2571, 0.4483, 0.4242, 0.2812,
        0.4839, 0.1818, 0.6471, 0.4839, 0.1765, 0.6977, 0.0938, 0.2703, 0.4615,
        0.9062, 0.5517, 0.3488, 0.6176, 0.7333, 0.4483, 0.0000, 0.1481],
       device='cuda:0')","tensor(0.3905, device='cuda:0')","tensor(0.4271, device='cuda:0')"
60,0.642623,0.628843,0.136767,0.165429,0.010340,2.432467,2.393952,0.385156,0.149368,"tensor(0.4071, device='cuda:0')","tensor([0.3056, 0.6538, 0.3200, 0.2703, 0.5250, 0.2286, 0.4483, 0.4242, 0.2188,
        0.4839, 0.1212, 0.6471, 0.4839, 0.1765, 0.7442, 0.0625, 0.3243, 0.4615,
        0.9062, 0.5517, 0.2791, 0.6176, 0.7000, 0.4828, 0.0000, 0.1481],
       device='cuda:0')","tensor(0.3834, device='cuda:0')","tensor(0.4159, device='cuda:0')"
61,0.642579,0.628754,0.137246,0.165417,0.010046,2.432077,2.393591,0.384862,0.149324,"tensor(0.4071, device='cuda:0')","tensor([0.2500, 0.6923, 0.2800, 0.3243, 0.5250, 0.2286, 0.4138, 0.4242, 0.2500,
        0.5484, 0.1212, 0.5882, 0.5161, 0.2353, 0.6512, 0.0938, 0.3243, 0.4615,
        0.9062, 0.5517, 0.3023, 0.5882, 0.7000, 0.4828, 0.0000, 0.1481],
       device='cuda:0')","tensor(0.3853, device='cuda:0')","tensor(0.4145, device='cuda:0')"
62,0.642349,0.628673,0.135777,0.165242,0.009889,2.431442,2.392794,0.386485,0.150008,"tensor(0.3976, device='cuda:0')","tensor([0.2500, 0.6923, 0.2400, 0.2703, 0.4750, 0.2286, 0.4828, 0.3939, 0.2812,
        0.5484, 0.1212, 0.5882, 0.4839, 0.1471, 0.6512, 0.0938, 0.2703, 0.4615,
        0.9062, 0.5862, 0.3256, 0.5588, 0.7333, 0.4828, 0.0000, 0.1111],
       device='cuda:0')","tensor(0.3730, device='cuda:0')","tensor(0.3998, device='cuda:0')"
63,0.642268,0.628597,0.135707,0.165883,0.010047,2.438372,2.399838,0.385334,0.150221,"tensor(0.3941, device='cuda:0')","tensor([0.2500, 0.6154, 0.2400, 0.2973, 0.5000, 0.2286, 0.4138, 0.3939, 0.2500,
        0.5161, 0.1818, 0.6176, 0.4839, 0.1176, 0.6512, 0.0625, 0.2973, 0.4615,
        0.9062, 0.5172, 0.3256, 0.6176, 0.6667, 0.4828, 0.0000, 0.1481],
       device='cuda:0')","tensor(0.3707, device='cuda:0')","tensor(0.3999, device='cuda:0')"
64,0.642176,0.628537,0.135382,0.165627,0.010084,2.437508,2.398841,0.386677,0.149589,"tensor(0.4153, device='cuda:0')","tensor([0.2778, 0.6923, 0.2800, 0.3243, 0.5250, 0.2571, 0.4138, 0.3939, 0.2812,
        0.4839, 0.1818, 0.6176, 0.5161, 0.2059, 0.6977, 0.0625, 0.3243, 0.4615,
        0.9062, 0.5517, 0.3721, 0.6471, 0.7000, 0.4828, 0.0000, 0.1111],
       device='cuda:0')","tensor(0.3919, device='cuda:0')","tensor(0.4213, device='cuda:0')"
65,0.642046,0.628451,0.134964,0.165789,0.009835,2.443006,2.404335,0.386715,0.149641,"tensor(0.3988, device='cuda:0')","tensor([0.2500, 0.6923, 0.2800, 0.2703, 0.4750, 0.2571, 0.4138, 0.3939, 0.2500,
        0.4839, 0.1515, 0.6471, 0.4839, 0.2059, 0.6279, 0.0312, 0.3243, 0.4615,
        0.9062, 0.5517, 0.3256, 0.6176, 0.7000, 0.4828, 0.0000, 0.1111],
       device='cuda:0')","tensor(0.3765, device='cuda:0')","tensor(0.4015, device='cuda:0')"
66,0.641891,0.628393,0.134002,0.166048,0.009809,2.440130,2.401463,0.386672,0.149839,"tensor(0.4024, device='cuda:0')","tensor([0.2778, 0.6538, 0.2800, 0.2973, 0.4750, 0.2000, 0.4483, 0.4242, 0.2812,
        0.4839, 0.1515, 0.6471, 0.5161, 0.2059, 0.6279, 0.0938, 0.2703, 0.4615,
        0.9062, 0.5517, 0.3023, 0.6176, 0.7000, 0.5172, 0.0000, 0.1111],
       device='cuda:0')","tensor(0.3816, device='cuda:0')","tensor(0.4103, device='cuda:0')"
67,0.641830,0.628356,0.133744,0.166039,0.009927,2.438822,2.400010,0.388126,0.149901,"tensor(0.4118, device='cuda:0')","tensor([0.2778, 0.6923, 0.2400, 0.3243, 0.5250, 0.2286, 0.4483, 0.4242, 0.2812,
        0.5161, 0.1515, 0.6471, 0.4839, 0.1471, 0.6744, 0.0938, 0.2432, 0.4615,
        0.9062, 0.5517, 0.3488, 0.6176, 0.7333, 0.5172, 0.0000, 0.1852],
       device='cuda:0')","tensor(0.3889, device='cuda:0')","tensor(0.4210, device='cuda:0')"
68,0.641705,0.628285,0.133238,0.165954,0.009640,2.442926,2.404248,0.386780,0.149659,"tensor(0.4035, device='cuda:0')","tensor([0.2500, 0.6538, 0.2800, 0.2973, 0.5000, 0.2000, 0.4138, 0.3939, 0.2500,
        0.5161, 0.1515, 0.6176, 0.5161, 0.1765, 0.6977, 0.0938, 0.2703, 0.4615,
        0.9062, 0.5517, 0.3023, 0.6176, 0.7333, 0.5172, 0.0000, 0.1481],
       device='cuda:0')","tensor(0.3813, device='cuda:0')","tensor(0.4081, device='cuda:0')"
69,0.641595,0.628233,0.132649,0.165988,0.009743,2.443757,2.404938,0.388191,0.150182,"tensor(0.4071, device='cuda:0')","tensor([0.2778, 0.6538, 0.2800, 0.2973, 0.5000, 0.2571, 0.4483, 0.3939, 0.2500,
        0.5161, 0.1818, 0.6176, 0.4839, 0.1765, 0.6512, 0.0938, 0.2973, 0.4615,
        0.9062, 0.5517, 0.3023, 0.6176, 0.7333, 0.5172, 0.0000, 0.1481],
       device='cuda:0')","tensor(0.3868, device='cuda:0')","tensor(0.4216, device='cuda:0')"
70,0.641208,0.628216,0.128961,0.165877,0.009585,2.442663,2.403856,0.388072,0.150075,"tensor(0.4012, device='cuda:0')","tensor([0.2500, 0.6923, 0.2400, 0.2973, 0.5250, 0.2571, 0.4138, 0.3939, 0.2188,
        0.4839, 0.1818, 0.6471, 0.5161, 0.1765, 0.6512, 0.0938, 0.2973, 0.4615,
        0.9062, 0.5517, 0.2558, 0.5882, 0.7000, 0.5172, 0.0000, 0.1481],
       device='cuda:0')","tensor(0.3801, device='cuda:0')","tensor(0.4120, device='cuda:0')"
71,0.641404,0.628162,0.131451,0.166183,0.009703,2.447137,2.408319,0.388176,0.150098,"tensor(0.4082, device='cuda:0')","tensor([0.2778, 0.6923, 0.2800, 0.2973, 0.5500, 0.2286, 0.4138, 0.3939, 0.2500,
        0.4839, 0.1818, 0.6471, 0.4839, 0.1765, 0.6744, 0.0625, 0.2973, 0.4615,
        0.9062, 0.5517, 0.2791, 0.6176, 0.7333, 0.5172, 0.0000, 0.1852],
       device='cuda:0')","tensor(0.3869, device='cuda:0')","tensor(0.4156, device='cuda:0')"
72,0.641099,0.628137,0.128664,0.166094,0.009584,2.445082,2.406389,0.386924,0.150153,"tensor(0.4000, device='cuda:0')","tensor([0.2500, 0.6923, 0.2800, 0.2973, 0.5000, 0.2286, 0.4138, 0.3939, 0.2500,
        0.5484, 0.1515, 0.6471, 0.4516, 0.1765, 0.6512, 0.0938, 0.2432, 0.4615,
        0.9062, 0.5517, 0.2791, 0.6176, 0.7000, 0.5172, 0.0000, 0.1481],
       device='cuda:0')","tensor(0.3776, device='cuda:0')","tensor(0.4100, device='cuda:0')"
73,0.641139,0.628094,0.129495,0.166273,0.009491,2.445033,2.406224,0.388087,0.149845,"tensor(0.4024, device='cuda:0')","tensor([0.2500, 0.6923, 0.2400, 0.3784, 0.5000, 0.2000, 0.4138, 0.3939, 0.2500,
        0.5484, 0.1515, 0.6176, 0.4839, 0.1765, 0.6512, 0.0938, 0.2703, 0.4615,
        0.9062, 0.5517, 0.2791, 0.6176, 0.7000, 0.5172, 0.0000, 0.1481],
       device='cuda:0')","tensor(0.3795, device='cuda:0')","tensor(0.4073, device='cuda:0')"
74,0.640979,0.628049,0.128333,0.166479,0.009646,2.444333,2.405456,0.388770,0.150050,"tensor(0.4035, device='cuda:0')","tensor([0.2500, 0.6538, 0.2400, 0.3243, 0.5000, 0.2286, 0.4138, 0.3939, 0.2500,
        0.5161, 0.1515, 0.6176, 0.5484, 0.1765, 0.6279, 0.0938, 0.2973, 0.4615,
        0.9062, 0.5517, 0.3256, 0.6176, 0.7000, 0.5172, 0.0000, 0.1481],
       device='cuda:0')","tensor(0.3818, device='cuda:0')","tensor(0.4119, device='cuda:0')"
75,0.640855,0.628016,0.127454,0.166261,0.009331,2.442435,2.403445,0.389896,0.150001,"tensor(0.4024, device='cuda:0')","tensor([0.3056, 0.6538, 0.2400, 0.3243, 0.5000, 0.2286, 0.4138, 0.3939, 0.2500,
        0.4839, 0.1212, 0.6176, 0.4839, 0.1765, 0.6279, 0.1250, 0.2973, 0.4615,
        0.9062, 0.5517, 0.3256, 0.6176, 0.7000, 0.5172, 0.0000, 0.1481],
       device='cuda:0')","tensor(0.3819, device='cuda:0')","tensor(0.4133, device='cuda:0')"
76,0.640789,0.627993,0.127036,0.166226,0.009265,2.441413,2.402320,0.390927,0.150217,"tensor(0.4071, device='cuda:0')","tensor([0.3056, 0.6923, 0.2800, 0.2973, 0.4750, 0.2571, 0.4138, 0.4242, 0.2812,
        0.5484, 0.1515, 0.5882, 0.5161, 0.1471, 0.6279, 0.1250, 0.2973, 0.4615,
        0.9062, 0.5862, 0.2791, 0.6176, 0.7000, 0.5172, 0.0000, 0.1481],
       device='cuda:0')","tensor(0.3872, device='cuda:0')","tensor(0.4160, device='cuda:0')"
77,0.640737,0.627976,0.126678,0.166257,0.009282,2.445090,2.406039,0.390512,0.150046,"tensor(0.3965, device='cuda:0')","tensor([0.2778, 0.6923, 0.2800, 0.3514, 0.5000, 0.2286, 0.3793, 0.3939, 0.2188,
        0.5484, 0.1212, 0.5882, 0.5161, 0.1176, 0.6512, 0.0312, 0.2973, 0.4615,
        0.9062, 0.5172, 0.3023, 0.6176, 0.7000, 0.5172, 0.0000, 0.1111],
       device='cuda:0')","tensor(0.3730, device='cuda:0')","tensor(0.4001, device='cuda:0')"
78,0.640768,0.627945,0.127299,0.166311,0.009238,2.447083,2.408066,0.390177,0.150278,"tensor(0.4035, device='cuda:0')","tensor([0.2500, 0.6923, 0.2800, 0.3784, 0.5000, 0.2571, 0.3793, 0.4242, 0.2500,
        0.5484, 0.1515, 0.6471, 0.5161, 0.1471, 0.6279, 0.0625, 0.2973, 0.4615,
        0.9062, 0.5172, 0.2558, 0.6176, 0.7000, 0.5172, 0.0000, 0.1481],
       device='cuda:0')","tensor(0.3827, device='cuda:0')","tensor(0.4126, device='cuda:0')"
79,0.640665,0.627924,0.126494,0.166225,0.009183,2.444986,2.405987,0.389991,0.150191,"tensor(0.4035, device='cuda:0')","tensor([0.2778, 0.6923, 0.2800, 0.3514, 0.5000, 0.2286, 0.4138, 0.3939, 0.2812,
        0.4839, 0.1212, 0.6176, 0.5161, 0.1765, 0.6512, 0.0625, 0.3243, 0.4615,
        0.9062, 0.5172, 0.3023, 0.6176, 0.6667, 0.5172, 0.0000, 0.1481],
       device='cuda:0')","tensor(0.3827, device='cuda:0')","tensor(0.4071, device='cuda:0')"
80,0.640561,0.627900,0.125672,0.166344,0.009289,2.446752,2.407653,0.390993,0.150013,"tensor(0.4012, device='cuda:0')","tensor([0.2778, 0.6923, 0.2800, 0.3514, 0.5000, 0.2286, 0.3793, 0.3939, 0.2812,
        0.5484, 0.1515, 0.5882, 0.5161, 0.1471, 0.6512, 0.0625, 0.2973, 0.4615,
        0.9062, 0.5172, 0.3023, 0.6176, 0.6667, 0.4828, 0.0000, 0.1481],
       device='cuda:0')","tensor(0.3809, device='cuda:0')","tensor(0.4160, device='cuda:0')"
81,0.640444,0.627887,0.124629,0.166204,0.009368,2.445237,2.406222,0.390153,0.150165,"tensor(0.3953, device='cuda:0')","tensor([0.2778, 0.6923, 0.2800, 0.3243, 0.5000, 0.2000, 0.4483, 0.4242, 0.2500,
        0.5161, 0.1212, 0.5588, 0.4516, 0.1176, 0.6512, 0.0625, 0.3243, 0.4615,
        0.9062, 0.5172, 0.3023, 0.6176, 0.6667, 0.4828, 0.0000, 0.1481],
       device='cuda:0')","tensor(0.3729, device='cuda:0')","tensor(0.4042, device='cuda:0')"
82,0.640452,0.627861,0.124978,0.166261,0.009307,2.444635,2.405724,0.389107,0.150045,"tensor(0.3953, device='cuda:0')","tensor([0.2778, 0.6538, 0.2800, 0.2973, 0.5000, 0.2286, 0.4483, 0.3939, 0.2500,
        0.5161, 0.1515, 0.6471, 0.4839, 0.1471, 0.6512, 0.0625, 0.2432, 0.4615,
        0.9062, 0.5517, 0.3023, 0.6176, 0.6667, 0.4483, 0.0000, 0.1111],
       device='cuda:0')","tensor(0.3720, device='cuda:0')","tensor(0.4049, device='cuda:0')"
83,0.640282,0.627859,0.123306,0.166215,0.009222,2.447126,2.408176,0.389501,0.150178,"tensor(0.4024, device='cuda:0')","tensor([0.2778, 0.6923, 0.2800, 0.3243, 0.5000, 0.2571, 0.4483, 0.4242, 0.2500,
        0.4839, 0.1212, 0.5882, 0.5161, 0.1471, 0.6512, 0.0625, 0.2703, 0.4615,
        0.9062, 0.5517, 0.3256, 0.6176, 0.7000, 0.4828, 0.0000, 0.1481],
       device='cuda:0')","tensor(0.3795, device='cuda:0')","tensor(0.4059, device='cuda:0')"
84,0.640191,0.627847,0.122520,0.166236,0.009198,2.448489,2.409476,0.390135,0.150219,"tensor(0.3941, device='cuda:0')","tensor([0.2500, 0.6538, 0.2800, 0.2973, 0.4750, 0.2000, 0.3793, 0.3939, 0.2500,
        0.5161, 0.1212, 0.5882, 0.5161, 0.1765, 0.6512, 0.0938, 0.2703, 0.4231,
        0.9062, 0.5862, 0.3023, 0.6176, 0.7000, 0.4828, 0.0000, 0.1481],
       device='cuda:0')","tensor(0.3726, device='cuda:0')","tensor(0.4035, device='cuda:0')"
85,0.640221,0.627836,0.122933,0.166264,0.009255,2.447358,2.408327,0.390314,0.150259,"tensor(0.4012, device='cuda:0')","tensor([0.2778, 0.6538, 0.2800, 0.3514, 0.4750, 0.2571, 0.4138, 0.3939, 0.2500,
        0.5161, 0.1212, 0.5882, 0.5161, 0.1765, 0.6512, 0.0938, 0.2973, 0.4615,
        0.9062, 0.5517, 0.3023, 0.6176, 0.7000, 0.4483, 0.0000, 0.1481],
       device='cuda:0')","tensor(0.3800, device='cuda:0')","tensor(0.4099, device='cuda:0')"
86,0.640135,0.627828,0.122151,0.166335,0.009244,2.446297,2.407257,0.390400,0.150199,"tensor(0.4024, device='cuda:0')","tensor([0.2500, 0.6923, 0.2800, 0.2973, 0.5000, 0.2857, 0.4138, 0.3939, 0.2500,
        0.5161, 0.1212, 0.5882, 0.5484, 0.1765, 0.6512, 0.0938, 0.2973, 0.4615,
        0.9062, 0.5517, 0.3023, 0.5882, 0.7333, 0.4483, 0.0000, 0.1481],
       device='cuda:0')","tensor(0.3807, device='cuda:0')","tensor(0.4102, device='cuda:0')"
87,0.640127,0.627829,0.122060,0.166348,0.009247,2.446379,2.407310,0.390683,0.150242,"tensor(0.4035, device='cuda:0')","tensor([0.2500, 0.6923, 0.2800, 0.3243, 0.5000, 0.2286, 0.3793, 0.3939, 0.2500,
        0.5484, 0.1212, 0.5882, 0.5161, 0.1765, 0.6744, 0.1250, 0.2703, 0.4615,
        0.9062, 0.5517, 0.3256, 0.6176, 0.7333, 0.4483, 0.0000, 0.1481],
       device='cuda:0')","tensor(0.3814, device='cuda:0')","tensor(0.4109, device='cuda:0')"
88,0.640209,0.627820,0.122971,0.166370,0.009242,2.446701,2.407637,0.390639,0.150256,"tensor(0.3941, device='cuda:0')","tensor([0.2500, 0.6923, 0.2400, 0.2703, 0.5000, 0.2571, 0.4138, 0.3939, 0.2500,
        0.5161, 0.1212, 0.5882, 0.4839, 0.1471, 0.6744, 0.1250, 0.2703, 0.4615,
        0.9062, 0.5172, 0.2791, 0.6176, 0.7000, 0.4483, 0.0000, 0.1481],
       device='cuda:0')","tensor(0.3711, device='cuda:0')","tensor(0.4051, device='cuda:0')"
89,0.640017,0.627806,0.121184,0.166361,0.009214,2.445901,2.406924,0.389771,0.150327,"tensor(0.4000, device='cuda:0')","tensor([0.2500, 0.6923, 0.2800, 0.3514, 0.4750, 0.2286, 0.4138, 0.3939, 0.2500,
        0.4839, 0.1212, 0.5882, 0.5161, 0.2059, 0.6744, 0.0938, 0.2432, 0.4615,
        0.9062, 0.5172, 0.3023, 0.6471, 0.7333, 0.4483, 0.0000, 0.1481],
       device='cuda:0')","tensor(0.3780, device='cuda:0')","tensor(0.4093, device='cuda:0')"
90,0.640049,0.627803,0.121543,0.166221,0.009200,2.445006,2.406043,0.389631,0.150276,"tensor(0.4000, device='cuda:0')","tensor([0.2500, 0.6923, 0.2400, 0.2973, 0.5000, 0.2286, 0.4483, 0.3939, 0.2812,
        0.5484, 0.1212, 0.5588, 0.5161, 0.1471, 0.6977, 0.0938, 0.2703, 0.4615,
        0.9062, 0.5172, 0.2791, 0.6471, 0.7333, 0.4483, 0.0000, 0.1481],
       device='cuda:0')","tensor(0.3764, device='cuda:0')","tensor(0.4076, device='cuda:0')"
91,0.639967,0.627791,0.120850,0.166366,0.009094,2.447428,2.408531,0.388972,0.150133,"tensor(0.3941, device='cuda:0')","tensor([0.2500, 0.6923, 0.2800, 0.3243, 0.5000, 0.2286, 0.3793, 0.3939, 0.2812,
        0.4839, 0.1515, 0.5294, 0.5484, 0.1765, 0.6744, 0.0625, 0.2432, 0.4615,
        0.9062, 0.5172, 0.2791, 0.6176, 0.6667, 0.4828, 0.0000, 0.1481],
       device='cuda:0')","tensor(0.3720, device='cuda:0')","tensor(0.3999, device='cuda:0')"
92,0.639913,0.627779,0.120431,0.166316,0.009120,2.449261,2.410197,0.390646,0.149994,"tensor(0.4024, device='cuda:0')","tensor([0.2500, 0.6923, 0.2800, 0.3243, 0.5000, 0.2286, 0.3793, 0.3939, 0.2812,
        0.5484, 0.1515, 0.5588, 0.5161, 0.1765, 0.6744, 0.0938, 0.2703, 0.4615,
        0.9062, 0.5517, 0.3023, 0.6176, 0.7333, 0.4483, 0.0000, 0.1481],
       device='cuda:0')","tensor(0.3808, device='cuda:0')","tensor(0.4136, device='cuda:0')"
93,0.639985,0.627786,0.121094,0.166342,0.009038,2.449684,2.410732,0.389525,0.150063,"tensor(0.3965, device='cuda:0')","tensor([0.2778, 0.6923, 0.2800, 0.3243, 0.5000, 0.2286, 0.3793, 0.3939, 0.2812,
        0.5161, 0.1212, 0.5588, 0.5161, 0.1176, 0.6744, 0.0625, 0.2973, 0.4615,
        0.9062, 0.5172, 0.3023, 0.6176, 0.7000, 0.4483, 0.0000, 0.1481],
       device='cuda:0')","tensor(0.3736, device='cuda:0')","tensor(0.3997, device='cuda:0')"
94,0.639927,0.627781,0.120551,0.166177,0.009031,2.449288,2.410297,0.389913,0.150014,"tensor(0.3988, device='cuda:0')","tensor([0.2778, 0.6923, 0.2800, 0.3243, 0.4750, 0.2571, 0.3793, 0.4242, 0.2500,
        0.4839, 0.1515, 0.5588, 0.5484, 0.1471, 0.6744, 0.0625, 0.2973, 0.4615,
        0.9062, 0.5517, 0.2791, 0.6176, 0.7333, 0.4483, 0.0000, 0.1111],
       device='cuda:0')","tensor(0.3763, device='cuda:0')","tensor(0.4019, device='cuda:0')"
95,0.639939,0.627783,0.120654,0.166249,0.009057,2.449016,2.410078,0.389380,0.150026,"tensor(0.4012, device='cuda:0')","tensor([0.2778, 0.6923, 0.2800, 0.3243, 0.4750, 0.2571, 0.3793, 0.3939, 0.2812,
        0.5484, 0.1212, 0.5294, 0.5484, 0.1471, 0.6977, 0.0625, 0.3243, 0.4615,
        0.9062, 0.5172, 0.3023, 0.6176, 0.7000, 0.4483, 0.0000, 0.1481],
       device='cuda:0')","tensor(0.3790, device='cuda:0')","tensor(0.4062, device='cuda:0')"
96,0.639917,0.627781,0.120448,0.166346,0.009077,2.450247,2.411268,0.389788,0.150061,"tensor(0.3976, device='cuda:0')","tensor([0.2778, 0.6923, 0.2800, 0.3243, 0.5000, 0.2286, 0.3793, 0.3939, 0.2500,
        0.5484, 0.1212, 0.5294, 0.5484, 0.1765, 0.6744, 0.0938, 0.2973, 0.4615,
        0.9062, 0.5517, 0.2558, 0.6176, 0.7000, 0.4483, 0.0000, 0.1111],
       device='cuda:0')","tensor(0.3762, device='cuda:0')","tensor(0.4062, device='cuda:0')"
97,0.639911,0.627774,0.120468,0.166269,0.009061,2.450658,2.411641,0.390164,0.150109,"tensor(0.3988, device='cuda:0')","tensor([0.2778, 0.6923, 0.2800, 0.2973, 0.5000, 0.2286, 0.3793, 0.3939, 0.2500,
        0.5161, 0.1515, 0.5294, 0.5484, 0.1765, 0.6744, 0.0938, 0.2973, 0.4615,
        0.9062, 0.5517, 0.2791, 0.5882, 0.7333, 0.4483, 0.0000, 0.1481],
       device='cuda:0')","tensor(0.3774, device='cuda:0')","tensor(0.4068, device='cuda:0')"
98,0.639979,0.627784,0.121040,0.166323,0.009076,2.447344,2.408329,0.390143,0.150098,"tensor(0.4059, device='cuda:0')","tensor([0.2778, 0.6923, 0.2800, 0.3514, 0.5000, 0.2286, 0.4138, 0.3939, 0.2812,
        0.5161, 0.1212, 0.5588, 0.5484, 0.1765, 0.6744, 0.0938, 0.2973, 0.4615,
        0.9062, 0.5517, 0.3023, 0.6176, 0.7333, 0.4483, 0.0000, 0.1481],
       device='cuda:0')","tensor(0.3840, device='cuda:0')","tensor(0.4161, device='cuda:0')"
99,0.639890,0.627781,0.120172,0.166303,0.009091,2.448977,2.409969,0.390084,0.150117,"tensor(0.4071, device='cuda:0')","tensor([0.3056, 0.6923, 0.2800, 0.3514, 0.5000, 0.2286, 0.4138, 0.3939, 0.2812,
        0.5484, 0.1212, 0.5882, 0.5484, 0.1765, 0.6744, 0.0625, 0.2973, 0.4615,
        0.9062, 0.5517, 0.2791, 0.6176, 0.7333, 0.4483, 0.0000, 0.1481],
       device='cuda:0')","tensor(0.3835, device='cuda:0')","tensor(0.4094, device='cuda:0')"
